,original_shape_Elongation,original_shape_Flatness,original_shape_LeastAxisLength,original_shape_MajorAxisLength,original_shape_Maximum2DDiameterColumn,original_shape_Maximum2DDiameterRow,original_shape_Maximum2DDiameterSlice,original_shape_Maximum3DDiameter,original_shape_MeshVolume,original_shape_MinorAxisLength,original_shape_Sphericity,original_shape_SurfaceArea,original_shape_SurfaceVolumeRatio,original_shape_VoxelVolume,original_firstorder_10Percentile,original_firstorder_90Percentile,original_firstorder_Energy,original_firstorder_Entropy,original_firstorder_InterquartileRange,original_firstorder_Kurtosis,original_firstorder_Maximum,original_firstorder_MeanAbsoluteDeviation,original_firstorder_Mean,original_firstorder_Median,original_firstorder_Range,original_firstorder_RobustMeanAbsoluteDeviation,original_firstorder_RootMeanSquared,original_firstorder_Skewness,original_firstorder_TotalEnergy,original_firstorder_Uniformity,original_glcm_ClusterShade,original_glcm_Contrast,original_glcm_Correlation,original_glcm_DifferenceAverage,original_glcm_DifferenceEntropy,original_glcm_DifferenceVariance,original_glcm_Id,original_glcm_Idm,original_glcm_Idmn,original_glcm_Idn,original_glcm_Imc1,original_glcm_Imc2,original_glcm_InverseVariance,original_glcm_JointAverage,original_glcm_JointEnergy,original_glcm_JointEntropy,original_glcm_MCC,original_glcm_MaximumProbability,original_glcm_SumAverage,original_glcm_SumEntropy,original_glrlm_GrayLevelNonUniformity,original_glrlm_GrayLevelNonUniformityNormalized,original_glrlm_GrayLevelVariance,original_glrlm_LongRunEmphasis,original_glrlm_LongRunHighGrayLevelEmphasis,original_glrlm_RunEntropy,original_glrlm_RunLengthNonUniformity,original_glrlm_RunLengthNonUniformityNormalized,original_glrlm_RunPercentage,original_glrlm_RunVariance,original_glrlm_ShortRunEmphasis,original_glszm_GrayLevelNonUniformity,original_glszm_GrayLevelNonUniformityNormalized,original_glszm_GrayLevelVariance,original_glszm_LargeAreaHighGrayLevelEmphasis,original_glszm_SizeZoneNonUniformity,original_glszm_SizeZoneNonUniformityNormalized,original_glszm_SmallAreaEmphasis,original_glszm_ZoneEntropy,original_glszm_ZonePercentage,original_gldm_DependenceEntropy,original_gldm_DependenceNonUniformity,original_gldm_DependenceNonUniformityNormalized,original_gldm_DependenceVariance,original_gldm_GrayLevelNonUniformity,original_gldm_LargeDependenceEmphasis,original_gldm_LargeDependenceHighGrayLevelEmphasis,original_gldm_SmallDependenceEmphasis,original_ngtdm_Busyness,original_ngtdm_Coarseness,original_ngtdm_Contrast
Patient 1,0.809098316,0.540256943,32.7804877,60.67573604,68.55695515,69.193452,67.79702796,77.19732314,56816.33303,49.09263586,0.62098423,11509.39124,0.202571877,57035.93799,81.93331757,283.8173706,398230664.9,5.14859934,98.34949684,2.867730251,390.9642029,61.0760113,156.9790985,131.0684967,366.0248375,43.02784944,173.8899417,0.918697695,1724636257.0,0.035363534,8856.741314,40.33646174,0.830387135,4.593465417,3.706079126,18.58428113,0.319977172,0.23387256,0.986504248,0.925073846,-0.16196549,0.890019891,0.232486126,19.9615566,0.002606555,9.459771672,0.850239168,0.011389344,39.9231132,6.038115827,412.3585338,0.034244192,113.558802,1.314246247,657.8302364,5.610584998,10220.95144,0.848067838,0.914187255,0.115060123,0.936790997,132.3760757,0.028480223,102.2485587,30809.85499,1856.715577,0.399465485,0.656642388,7.221614461,0.352923311,7.777352972,2257.463629,0.171409539,4.637846328,465.7377373,15.07805619,6698.875171,0.308880698,1.301331051,0.001008801,0.212587775
Patient 10,0.579832379,0.47718299,25.19575816,52.80104003,52.08353771,56.58236916,36.62969424,56.95678098,21011.88221,30.61575268,0.580769644,6340.500208,0.301757841,21173.02208,96.97955322,242.3626923,152331707.9,4.945808008,74.85768127,2.489548028,327.7330933,43.41991385,168.191198,164.9827728,288.5497169,31.11059464,176.5164307,0.155196493,659710087.1,0.036383873,338.3948551,30.78799916,0.72354715,4.216550995,3.54513843,12.48560964,0.316878409,0.226623635,0.983574987,0.913871357,-0.142684202,0.853557932,0.23166854,18.80937109,0.002365013,9.121654987,0.736920078,0.007142295,37.61874218,5.79773892,164.281722,0.036295866,58.59941617,1.261338885,542.1431868,5.338185289,3921.652782,0.86567946,0.925830357,0.092844198,0.944791551,64.35096419,0.035455077,59.71121098,8648.95427,639.0484848,0.352092829,0.613725404,6.971109104,0.371241563,7.393405666,947.5240335,0.193807329,2.838401258,177.8807527,11.41399059,4109.477194,0.311448728,0.542220226,0.002562699,0.167524744
Patient 11,0.610617666,0.589149468,36.21149794,61.46402553,63.29775035,69.9951684,49.3327518,76.67933033,51006.63593,37.53101982,0.657314502,10118.79268,0.198381887,51224.07552,75.24184341,140.78703,144778143.6,3.924458183,28.34073067,7.305086582,294.0263367,20.83695732,106.5250778,102.8405609,275.0135365,12.2918785,110.6358416,1.539547554,626997510.9,0.086847995,561.3229347,12.02930436,0.619963977,2.456598453,2.881983142,5.819119047,0.435826363,0.362001248,0.993127808,0.946192428,-0.109077658,0.722445231,0.348995425,13.48018716,0.011752995,7.260483582,0.647231648,0.031642349,26.96037432,4.678051561,829.2373011,0.082085528,19.84353618,1.620539841,318.9592734,4.666662821,7648.653015,0.755231891,0.853821441,0.238572301,0.891532575,99.03404669,0.048168311,40.01015132,547640.9543,748.7237354,0.364165241,0.624437733,6.655634682,0.173824822,7.068594687,1279.819919,0.108202563,8.149637734,1027.238079,31.19580656,5265.488502,0.170263704,1.678676953,0.000793592,0.037831089
Patient 12,0.670670662,0.593018608,28.77033706,48.51506629,52.66691181,53.96260186,39.69309386,54.86590654,29645.58725,32.53763161,0.728816765,6355.832967,0.214393897,29791.20861,60.50291443,165.1764984,90005939.16,4.476056833,57.07975769,4.218737877,291.8991699,34.19731755,105.9539268,95.08673096,273.5538101,23.83408654,114.3860147,1.076141747,389792951.0,0.055129663,1744.220902,18.03528326,0.754671951,3.1285916,3.179018964,7.974471102,0.379404666,0.295542431,0.989257249,0.931227994,-0.150878217,0.84487184,0.294374631,13.37718868,0.005702081,8.203636777,0.769851004,0.017406246,26.75437735,5.317587534,325.8665943,0.053203899,38.84938601,1.416047068,300.17787,5.044597169,4950.313522,0.806985339,0.890256858,0.149865487,0.91752149,68.67453416,0.04265499,45.20942711,52709.72484,566.7242236,0.352002623,0.615172934,6.849518055,0.234045646,7.289949867,961.93909,0.139837053,4.871202442,379.236953,19.71929059,3075.038668,0.217824826,1.131466839,0.001643977,0.093173638
Patient 13,0.875892651,0.645175937,31.08495189,48.1805816,55.44396541,60.13352559,49.49405823,60.68330413,41996.87769,42.20101732,0.700883994,8336.478825,0.198502348,42164.15279,88.12825775,215.9999771,229937288.7,4.7875803,68.87659454,3.847256593,376.1043396,41.19060354,144.6977821,135.0134277,339.8730469,28.90125804,153.6789627,0.934275104,995800223.1,0.043053097,2086.483826,30.98639763,0.694504765,4.126342568,3.541323792,13.47726273,0.32604252,0.237198203,0.987783662,0.926487245,-0.121388165,0.807846757,0.241208952,15.77848432,0.003238652,8.900017934,0.729233881,0.010210223,31.55696864,5.603487896,375.6814967,0.042117834,55.71545173,1.30382245,394.6773018,5.244687778,7582.652733,0.84928928,0.916068833,0.109613892,0.937422165,113.1377599,0.035103245,67.90422084,18177.12628,1212.146758,0.376092696,0.636082356,7.051942938,0.331039441,7.376552729,1690.589975,0.173643177,3.605870874,419.1649548,13.73233361,3086.406738,0.290250497,1.174337756,0.001131162,0.121466891
Patient 14,0.765178981,0.397617814,10.23415437,25.73867169,28.46672619,26.88264868,28.51335477,31.31127752,3554.280152,19.69469057,0.750706627,1500.312217,0.422114226,3616.173745,299.7339722,900.488916,332305082.4,6.876499848,301.0233459,2.672668961,1186.883057,181.842004,588.8615039,573.4450684,1135.464073,127.2662068,630.8487605,0.020383569,1439129239.0,0.009960916,7756.223465,639.104379,0.688588983,18.68408199,5.531529074,277.9517725,0.126233526,0.061820325,0.978196336,0.904142294,-0.521117829,0.999600202,0.06185303,77.26181897,0.000947686,10.13067587,0.827864315,0.003149615,154.5236379,7.538061955,8.130164086,0.009911936,1049.079945,1.054613171,7470.800094,6.952588179,791.6295958,0.964994647,0.982312298,0.018055654,0.986556739,6.250755287,0.009442229,1106.048357,14717.24471,457.9274924,0.691733372,0.857738335,7.463551563,0.792814371,7.685127436,414.9449102,0.496940012,0.523839507,8.317365269,2.65508982,19265.83713,0.724677977,0.008676815,0.011363343,1.14320934
Patient 15,0.695079244,0.619975667,34.5016937,55.65007718,60.85818433,64.58585759,49.3327518,64.91412327,46597.75503,38.68121359,0.705001451,8882.545539,0.190621748,46763.40611,96.82148209,224.5075897,300611102.8,4.869539847,66.40129471,3.276223636,374.5082092,39.9206696,159.0158001,155.4431076,352.1761646,27.49658875,166.851781,0.440736115,1301870632.0,0.040128596,896.9565191,26.36545342,0.73586364,3.877109939,3.44293856,10.90307387,0.332795398,0.242965235,0.990257264,0.932596724,-0.140352333,0.845644254,0.243569999,19.8319966,0.002788265,9.000846722,0.740349553,0.007329638,39.66399319,5.73636965,391.8140236,0.039780686,52.9553381,1.318706425,593.8480004,5.336038555,8308.490016,0.842682107,0.912177469,0.114277836,0.934445525,112.007101,0.034580766,66.69573938,20255.96697,1077.202532,0.332572563,0.597234101,7.302068937,0.299962956,7.531134215,1850.344323,0.171359911,3.496465958,433.3085757,14.27708835,5535.662623,0.261531259,0.763652522,0.001190759,0.095681375
Patient 17,,,,,,,,,,,,,,,,,,,,,,,,,,,,,,,,,,,,,,,,,,,,,,,,,,,,,,,,,,,,,,,,,,,,,,,,,,,,,,,,,
Patient 18,,,,,,,,,,,,,,,,,,,,,,,,,,,,,,,,,,,,,,,,,,,,,,,,,,,,,,,,,,,,,,,,,,,,,,,,,,,,,,,,,
Patient 19,,,,,,,,,,,,,,,,,,,,,,,,,,,,,,,,,,,,,,,,,,,,,,,,,,,,,,,,,,,,,,,,,,,,,,,,,,,,,,,,,
Patient 2,0.42901324,0.31819759,21.07228463,66.22389769,36.7744762,72.34703173,54.98683661,74.01707776,13255.15343,28.41092891,0.500544565,5411.253513,0.408237712,13498.9384,93.60847626,225.4650055,80455231.91,4.796544408,66.88307953,3.163329096,361.3086853,40.56421662,152.4783311,143.8403473,315.8072815,28.51233017,160.6603632,0.705847578,348431254.2,0.041828737,1713.163451,28.2403496,0.703231728,4.050289643,3.486614115,11.30758002,0.323373411,0.232942213,0.987279878,0.923106669,-0.143722696,0.847200238,0.234361968,15.62159438,0.003210753,8.7625143,0.791122512,0.008604286,31.24318875,5.574707777,119.3886204,0.041321829,53.08823243,1.259210866,388.05583,5.188904526,2510.076968,0.867933856,0.926926779,0.093107886,0.945759292,43.77074774,0.035966103,61.89706763,5648.617913,471.10682,0.387105029,0.644759524,6.76944913,0.390439525,7.218368565,602.6034649,0.193328029,3.046766112,130.3801732,11.45620789,2800.196343,0.331337141,0.41211167,0.003514173,0.133827576
Patient 20,0.629302703,0.430964196,27.84674717,64.61498981,66.00996894,55.42,66.05020666,81.76038405,38723.3743,40.66238777,0.614939729,9001.1991,0.232448728,38872.78507,120.0879135,300.3872223,427803698.7,5.320115804,95.80321884,2.872810716,463.9190674,55.97068705,206.9948319,202.5099411,428.1854553,39.79234012,218.3136273,0.387221007,1852709585.0,0.028524967,2582.419897,47.14382605,0.759219593,5.22221704,3.839905471,19.04648848,0.279954255,0.189041944,0.98827641,0.926077392,-0.145320112,0.875036466,0.192734339,24.74358601,0.001451924,9.857571295,0.768087576,0.004122062,49.48717202,6.21410647,239.0880571,0.028435835,98.69449143,1.21916189,872.9819005,5.671890833,7436.618408,0.883824398,0.936703003,0.077804017,0.952829834,106.4188034,0.027562498,103.1887098,10204.13623,1517.915307,0.393140458,0.651027799,7.293041034,0.430147059,7.665357901,1942.187834,0.21637565,2.36557439,256.040107,9.365418895,5899.177807,0.362376925,0.464903105,0.001453307,0.161326761
Patient 21,,,,,,,,,,,,,,,,,,,,,,,,,,,,,,,,,,,,,,,,,,,,,,,,,,,,,,,,,,,,,,,,,,,,,,,,,,,,,,,,,
Patient 22,,,,,,,,,,,,,,,,,,,,,,,,,,,,,,,,,,,,,,,,,,,,,,,,,,,,,,,,,,,,,,,,,,,,,,,,,,,,,,,,,
Patient 23,,,,,,,,,,,,,,,,,,,,,,,,,,,,,,,,,,,,,,,,,,,,,,,,,,,,,,,,,,,,,,,,,,,,,,,,,,,,,,,,,
Patient 24,,,,,,,,,,,,,,,,,,,,,,,,,,,,,,,,,,,,,,,,,,,,,,,,,,,,,,,,,,,,,,,,,,,,,,,,,,,,,,,,,
Patient 25,0.944338161,0.908588716,45.94596168,50.56849251,67.79702796,73.54895241,65.92941984,73.83738078,60872.25804,47.75375722,0.593580017,12607.17537,0.207108719,61128.4939,84.44940643,265.3658142,454102696.2,5.274497895,95.68767929,3.057748565,453.5827332,56.65199998,165.0700509,152.3144836,435.2256241,40.11889062,179.3645445,0.687897801,1966603889.0,0.030044542,4341.024619,48.81706175,0.741881984,5.193187298,3.85651449,21.23151384,0.285570851,0.195505619,0.988321216,0.927810861,-0.131188433,0.851585477,0.200786627,21.30476389,0.001713239,9.763591686,0.747799425,0.004979642,42.60952778,6.120512852,391.6085587,0.029702591,101.6208897,1.22835178,699.8828955,5.64668812,11596.63585,0.879151078,0.934058149,0.081069292,0.950886468,154.9896301,0.026787008,110.8973118,10720.9186,2358.486346,0.407619486,0.663214148,7.29113646,0.409918526,7.644882997,2955.375629,0.209378365,2.550293105,424.0787106,9.91873893,4253.50457,0.354474825,0.983079322,0.000865599,0.178117197
Patient 26,0.482854155,0.36518596,30.2880371,82.93866805,61.70362793,92.92429715,68.07079844,101.5452062,46267.35513,40.0472805,0.532540959,11703.45864,0.252952835,46499.23054,69.4997406,198.0678528,201086980.5,4.799075148,65.43483734,3.714577219,354.5301514,40.22354909,126.8954145,118.2975769,332.0488167,27.46829887,136.8517955,0.885074006,870856837.4,0.042627272,1984.502036,26.77546168,0.725954398,3.827502556,3.439466039,11.69575168,0.33988134,0.251689598,0.988947034,0.929969703,-0.13509427,0.831836504,0.253875615,15.03370413,0.00333308,8.827495196,0.736642615,0.00888134,30.06740826,5.6233142,410.4719126,0.041910998,54.73819955,1.32045781,373.3905972,5.268682499,8266.771641,0.84307849,0.912151367,0.115537805,0.934542795,120.0718458,0.035067712,66.9110836,11488.73102,1268.705023,0.370533009,0.631890818,7.093809836,0.318897271,7.436580808,1800.78765,0.167717952,3.983198606,457.6890193,14.76827792,2873.861134,0.280907993,1.233928072,0.001088165,0.112305252
Patient 28,0.601100219,0.510524617,28.22030098,55.27706212,51.15707673,60.33202301,44.49034165,63.75779952,31357.49544,33.22705412,0.669701258,7180.652691,0.228993183,31519.17667,109.8229858,293.1479919,318129640.9,5.306058744,100.4199486,2.839540991,474.8411255,56.60886776,197.0740576,192.3244171,436.6647835,40.89844094,209.072081,0.446167441,1377738988.0,0.028514903,3031.704508,45.33629974,0.773244858,5.175048364,3.821559682,17.83969382,0.279599832,0.188186138,0.989018733,0.927547173,-0.15440157,0.888159291,0.189879178,23.36197322,0.001496888,9.790033117,0.782536116,0.004510436,46.72394644,6.210546216,193.44054,0.028388953,99.91463746,1.218019268,785.7038505,5.66002557,6013.3881,0.881969818,0.936235652,0.075898729,0.952095856,82.8559322,0.027006497,106.4879603,7965.628422,1160.27575,0.378186359,0.636714951,7.30766954,0.42154438,7.621465686,1585.266007,0.217816159,2.316035157,207.5314647,9.380324265,4917.340478,0.353033954,0.414247115,0.001695371,0.163592705
Patient 29,0.805332972,0.596553535,28.02850493,46.98405642,50.34563139,53.39338629,57.62920267,63.10858183,32905.19615,37.8378098,0.706376095,7030.039848,0.21364528,33065.25335,96.84230652,274.2357239,280030877.0,5.26646968,93.6594696,2.995265795,435.4114685,54.5770316,179.0903118,170.9849243,414.9235973,38.51758065,191.5130794,0.53146283,1212742881.0,0.029905345,3261.082915,61.63088918,0.664482553,6.116944165,4.035737684,23.39954115,0.247193143,0.156119419,0.984307925,0.913411032,-0.107654639,0.808702784,0.161093252,23.67547327,0.001376409,9.926539838,0.675254824,0.003958617,47.35094654,6.09841963,215.5031583,0.029717573,94.64045396,1.167651393,776.3767151,5.563100551,6570.983673,0.905835068,0.949785905,0.058393109,0.962416514,105.2161028,0.027594047,104.3227928,5018.156832,1652.115132,0.43328485,0.684215663,7.095575897,0.499410609,7.364360478,1953.220301,0.255824532,1.633544653,228.3273084,6.949181401,4002.662999,0.424482569,0.558824298,0.001300433,0.202456985
Patient 3,0.761776358,0.685241999,36.7582942,53.64279223,65.70740065,62.47388334,57.02670953,68.42117947,49073.13784,40.86381092,0.609803204,10629.76446,0.216610654,49270.90862,69.55621338,170.661319,170579175.2,4.485280987,52.15746307,3.592618054,293.7807007,31.71879299,115.681375,109.3794708,273.751667,21.96139394,122.4472754,0.764860174,738735251.4,0.052965853,895.36162,23.8520563,0.628832799,3.71607647,3.379309745,9.633312366,0.339027097,0.249621214,0.985859192,0.919449522,-0.096500338,0.730459993,0.252148083,14.76496145,0.004082456,8.497207846,0.654412553,0.011670623,29.52992289,5.302296217,540.7335311,0.052137378,33.5142944,1.32288175,332.3942358,4.960373689,8741.071652,0.841809121,0.911562464,0.116224555,0.933970687,154.58653,0.045266919,39.79178021,21150.71654,1161.838067,0.340216125,0.60392515,6.911971486,0.300167004,7.155424965,1930.092028,0.169648592,3.629807996,602.5925112,14.51568955,3014.931616,0.263326019,1.757215132,0.000891763,0.093933379
Patient 30,0.774867537,0.501372861,31.11791272,62.0654111,58.36219496,75.13928733,76.62733846,83.46491359,54789.90433,48.09247225,0.62430269,11174.35882,0.20394923,55004.81765,146.1279449,578.6339722,1479971839.0,6.185904862,178.6414185,3.609401137,844.4988403,122.8970717,302.3251881,258.2290344,823.405426,80.09575482,341.3561784,1.166033273,6409383601.0,0.017028672,111598.4405,142.8485238,0.869466005,8.598687436,4.55557335,66.76451055,0.215513091,0.130973134,0.990272611,0.935680183,-0.182646278,0.942469425,0.13596864,40.80639967,0.000643071,11.24709407,0.889548278,0.002435545,81.61279933,7.089700994,205.8158757,0.016909075,509.8175342,1.136260639,2450.86967,6.438249018,11213.62505,0.921066702,0.95832551,0.046931116,0.968803166,115.3726132,0.01573549,474.6633342,13623.22368,3711.091653,0.50614998,0.739552057,7.711371741,0.57727738,8.097983616,3695.619006,0.290970711,1.456764627,216.281159,5.79788993,11780.84151,0.499802806,0.251379743,0.001084037,0.371370245
Patient 31,0.546051231,0.505634244,35.64777302,70.5011052,76.62733846,76.81780328,47.52225794,77.74604492,59821.14965,38.49721528,0.652065754,11343.90469,0.189630336,60011.16118,89.93800049,223.6667175,364407585.7,4.870741443,68.06547546,2.803213017,346.5558167,40.33971301,154.0911924,150.5900879,318.7616539,28.16207571,162.1657354,0.320565342,1578157058.0,0.039271797,703.5535497,31.22052662,0.697736284,4.197008361,3.54895975,13.03640245,0.320965605,0.231379352,0.986624173,0.922395961,-0.123026244,0.812318219,0.233218766,19.52333766,0.002479717,9.127526881,0.705421441,0.006707281,39.04667533,5.740507001,497.5294419,0.039149444,52.38390127,1.298457538,556.1971708,5.312965133,10820.58813,0.850497377,0.917120478,0.106692772,0.937986313,164.454342,0.036807149,57.81400473,27936.80618,1592.791406,0.356488676,0.619617658,7.13553555,0.322436314,7.527199225,2459.312189,0.177477967,3.315988611,544.1892906,13.26917803,5305.984845,0.282576348,1.334729753,0.000792205,0.126311486
Patient 32,,,,,,,,,,,,,,,,,,,,,,,,,,,,,,,,,,,,,,,,,,,,,,,,,,,,,,,,,,,,,,,,,,,,,,,,,,,,,,,,,
Patient 33,0.629138964,0.598204348,38.12906817,63.7392027,67.00866362,73.63920763,49.76174032,80.86180124,61706.28773,40.10081595,0.694153632,10878.81198,0.176299894,61890.70538,78.64470673,275.4368896,479423912.1,5.334427115,119.5019226,2.566322782,456.2554932,64.37129719,166.3831784,154.3646393,437.5530701,48.91607965,183.1591149,0.5768482,2076263669.0,0.028263973,5172.918027,40.21030666,0.830420048,4.659300631,3.714873857,17.8417739,0.309745716,0.221121409,0.990597698,0.935498121,-0.176091317,0.910951327,0.221023187,21.88832633,0.001920185,9.690419498,0.844122624,0.007517025,43.77665266,6.222921539,363.590703,0.027666242,120.3159005,1.291766189,759.7242746,5.771544445,11265.991,0.856571817,0.919502861,0.106768892,0.940674696,128.2728344,0.025196,121.5606801,23556.36555,1975.526419,0.388042903,0.646743854,7.435894318,0.356238192,7.900043164,2578.880204,0.180454846,3.791938617,403.9204394,13.35812749,5486.32419,0.310521353,0.796843236,0.001053366,0.163357025
Patient 34,0.727286791,0.483385391,37.32590505,77.21769375,86.08190344,86.89597114,72.18158283,88.83126139,98932.48671,56.15940868,0.559798648,18478.98995,0.186783842,99260.72124,90.31034851,234.2495941,653844193.8,4.976336998,81.79888344,2.542935878,391.6309814,45.11788772,159.7782587,156.069046,370.3685818,33.21229974,168.9000698,0.298963908,2831633781.0,0.035257821,955.6818939,28.66925072,0.762945202,4.055220908,3.503227489,11.7438821,0.324554763,0.234563482,0.990182216,0.932173356,-0.141551838,0.85329032,0.236960069,20.12970246,0.002209384,9.226380376,0.771142202,0.005268766,40.25940492,5.868380938,739.6092599,0.035223846,61.31467588,1.301581268,609.490069,5.422682894,17841.65534,0.848769381,0.916159887,0.107666238,0.937208696,251.9979427,0.034562878,63.77929215,17700.40639,2385.822658,0.327228454,0.591881286,7.372917525,0.318106457,7.642841932,4086.977749,0.178314911,3.309279556,808.1092496,13.42068063,5740.739921,0.272513566,1.645805826,0.000580657,0.112323952
Patient 35,0.878123721,0.522670399,32.46288691,62.10967177,62.8977273,68.78908998,75.84318361,81.32050233,64589.84344,54.53997611,0.612699178,12706.12084,0.196720106,64783.64437,70.26374817,175.2192505,242109552.7,4.600075252,56.30549622,5.349598239,366.3200989,34.53059584,119.054994,111.6084137,354.9646797,23.44234137,127.2197921,1.105219353,1048515219.0,0.050052978,1889.655278,23.27339018,0.70469966,3.452660698,3.319446484,11.00930927,0.366191641,0.281500901,0.991792464,0.940861892,-0.129622234,0.81320101,0.279328968,16.16854805,0.004328781,8.530179515,0.734393411,0.013084169,32.3370961,5.436747881,655.8729397,0.049012064,42.25048813,1.39921744,421.9380045,5.152132004,10911.62339,0.814202958,0.894491096,0.14508055,0.921018292,149.8189225,0.039374224,58.22372554,78814.077,1305.478844,0.343095623,0.606190418,7.127051037,0.254361923,7.473832367,2171.914633,0.145191165,4.901714833,748.7424962,18.91349689,4647.98429,0.22911936,1.245077831,0.000775387,0.064347111
Patient 36,0.639769478,0.469636245,34.77107453,74.03831128,73.63920763,95.50464753,71.2927044,97.54157524,75792.04235,47.36745174,0.604253451,14333.33964,0.189114044,76052.24807,87.27999115,211.5289001,401457185.0,4.75581825,69.09065247,2.732492766,319.0303345,39.04923651,143.442786,136.8695984,298.9463463,28.30568085,151.1976343,0.487204002,1738609500.0,0.04238573,978.5173088,23.67114909,0.73433776,3.624805361,3.368962282,10.16433305,0.349994122,0.262717194,0.988355432,0.927836811,-0.136154657,0.83285748,0.262407329,18.69493617,0.003273969,8.79313257,0.737812133,0.009263772,37.38987235,5.612497558,665.1959765,0.041947236,47.00555634,1.360975622,537.4839623,5.259655369,13149.47336,0.828132614,0.903045647,0.131346505,0.927648927,187.6080422,0.03810074,52.7489804,39350.86292,1706.658002,0.346599919,0.610827658,7.160007855,0.280394055,7.555285366,2737.115711,0.155863317,4.384638847,744.3358009,16.78076419,5439.828541,0.249597125,1.756081311,0.000703007,0.106569831
Patient 37,0.833525953,0.626460592,36.13790303,57.68583609,56.08716074,76.88694623,77.71186332,77.71186332,54162.30691,48.08264151,0.571111764,12121.63271,0.223802002,54381.19008,76.99983063,189.5586823,239697935.7,4.658437191,57.66184998,3.198387438,317.0063782,34.64788562,131.1338032,128.4190063,305.7293129,24.23368642,138.1621872,0.420212217,1038071116.0,0.046049059,687.9832537,17.42939832,0.766495017,3.179271198,3.177474894,7.080647359,0.367689736,0.28048525,0.991658506,0.936781739,-0.155029482,0.860690056,0.280027024,17.9579068,0.003750983,8.54526969,0.771660888,0.009105566,35.91581359,5.536714481,515.9814984,0.045756051,39.1746135,1.379628158,500.3148907,5.182973128,9246.056892,0.818831915,0.898046447,0.136303527,0.923311727,127.3963613,0.041389331,47.52582181,34553.21248,961.2982456,0.31231262,0.577809993,7.210850784,0.245122243,7.492332165,1935.301664,0.15412134,4.255293829,578.2380346,17.58357888,5590.197181,0.220413753,1.037312435,0.001048084,0.07212146
Patient 38,0.431792715,0.370554707,24.67855562,66.59895334,53.06895514,57.81332199,47.60604688,68.90486412,24300.18231,28.75694286,0.607378903,6679.809994,0.274887238,24468.72055,89.29923477,236.0651459,155217635.6,4.974279675,75.37329102,2.792426609,350.2702942,44.53203034,156.2263259,150.6060791,323.2897797,31.42661508,165.747241,0.476169483,672208309.8,0.03638205,1348.623704,40.52808969,0.651003001,4.901911686,3.744021231,15.9085202,0.286330433,0.194175235,0.98342733,0.912289528,-0.111253338,0.799741786,0.19808189,19.07928848,0.002152314,9.296846979,0.657848883,0.005727429,38.15857697,5.776788498,190.9262166,0.036069833,63.2731478,1.216726533,539.6881765,5.328373796,4679.674588,0.883581423,0.936841389,0.076139827,0.952777264,80.15659679,0.03294558,70.88814186,5938.112207,988.0119194,0.406087924,0.661546784,6.913913449,0.430619469,7.284732501,1227.269381,0.21721582,2.446791949,205.5585841,9.427610619,3311.10354,0.367432758,0.636645868,0.001856387,0.175404179
Patient 39,0.924350328,0.632961965,34.46452226,54.44959437,60.85818433,65.70740065,62.96105781,65.94956634,61800.12059,50.33050039,0.680744299,11104.34619,0.179681627,61972.98957,85.43330917,229.2075729,368673681.6,4.988786878,75.54997635,3.330278007,377.1852722,45.47360346,150.0113423,141.0984421,358.9200497,31.53239091,160.5096882,0.714657572,1596632441.0,0.037169123,2794.850579,32.00849246,0.762775844,4.219721585,3.574817873,13.77291396,0.321048091,0.231427014,0.988727639,0.92875656,-0.140835268,0.856923103,0.232925902,19.81543264,0.002421833,9.28508911,0.77356074,0.007315365,39.63086528,5.890721713,481.6800687,0.036724224,67.36565942,1.29902706,585.9886475,5.440092358,11152.15462,0.849546932,0.916556469,0.106660377,0.937605174,155.4395838,0.033009043,75.65339813,32464.3162,1703.126141,0.361674696,0.623471297,7.234524289,0.32907058,7.633385552,2516.444724,0.175852182,3.543166727,531.8901468,13.58909853,5022.259748,0.286699878,1.237447492,0.000835017,0.132914494
Patient 4,0.630474729,0.445559698,27.38127289,61.45365711,48.9,59.24326882,79.93650293,81.35316773,38520.37053,38.74497781,0.628448533,8776.904611,0.227850991,38712.54743,93.18195648,275.1775452,301256568.7,5.214123757,93.76954269,3.220338709,407.1824951,56.67959854,169.4170553,153.6639404,385.4417133,39.50509192,183.5793357,0.863400001,1304665981.0,0.032079718,5928.221511,43.10239621,0.773145811,4.92558664,3.777878365,18.23818135,0.293108425,0.202602923,0.986969367,0.923437341,-0.144939138,0.869927465,0.205578106,20.88678044,0.002068061,9.557780728,0.777087413,0.006555975,41.77356088,6.056268616,262.1774755,0.031495928,103.2076603,1.23873487,683.7314691,5.600801032,7279.504403,0.874068368,0.931165937,0.084249133,0.948627697,97.91142777,0.027357203,109.5609193,9092.230511,1407.342554,0.393222284,0.65096868,7.288165269,0.400380356,7.570956471,1811.925831,0.202698941,2.716255623,286.7605996,10.49860163,4123.455308,0.342748852,0.726466458,0.001431689,0.188906704
Patient 40,0.5999943722428708,0.498095249695293,25.15549876625468,50.50339022836178,38.19212091518354,58.88339749029433,58.52131321151294,60.31,23484.91918983321,30.30174991620266,0.6543727831538456,6060.637055537568,0.2580650589660645,23624.224885,96.70194854736329,252.1079010009766,179276576.050413,5.110659029383251,85.2573471069336,2.846555847068655,421.4122924804688,48.59335679663166,171.0566501935614,165.6736602783203,390.9466361999512,34.7383298811797,181.286054500742,0.3511578743603865,776401493.9005979,0.0330019886060518,1551.746947204115,39.76210410981143,0.7227196395561161,4.886699707604176,3.735929078455408,15.35549045020016,0.285077849467964,0.1926644667845738,0.9882518493026028,0.9246198831962134,-0.1360058450879946,0.8559677024673416,0.1974031025551621,20.13269960696949,0.0018599340570723,9.478485441670545,0.7276845115661801,0.0058258944439015,40.26539921393901,5.970459087286811,167.6858387054239,0.0327974365862348,74.24867844418057,1.213019101666602,608.7280098900875,5.460767154168707,4518.234021284681,0.8832957147589571,0.937277021786646,0.073754932655978,0.9527581965818078,70.74966945791097,0.031180991387356,81.09761378427038,7699.638607315998,867.9828118113707,0.3825398024730589,0.6418805588314351,7.097484899496229,0.415948670944088,7.389005671192239,1202.035380384968,0.2203547901713965,2.172397072624028,180.0258478460128,9.093492208982584,3777.932905591201,0.3532493017609664,0.4404528633931835,0.0021816434129949,0.1596390088270441
Patient 41,0.5142917483347188,0.3313440657297949,27.02431211673528,81.55966836832721,78.05300570765996,75.2099734077868,53.81469130265452,83.57625320627862,50289.89729854189,41.94546443874686,0.615120739040953,10711.35107439066,0.2129921047721294,50483.517779,102.4715957641602,223.5548583984375,291301895.736637,4.579778963874876,50.05294799804688,3.892236602143802,338.5833740234375,35.74769881936126,150.9413740035855,139.9560089111328,300.3301582336426,22.63657609346762,158.08048410804,1.069412849937018,1261554811.055754,0.0540568415727256,2315.813366625904,18.08574581171458,0.7913077212817206,3.052639921933715,3.175738844330346,8.547043873087716,0.3957060492251734,0.3163025932760096,0.9910521343789488,0.9385155422920308,-0.1604787090016018,0.8650525308640249,0.3063645170971995,16.89521364329602,0.0056904534804282,8.361320528240144,0.8148759296254211,0.0195555321009702,33.79042728659206,5.439596038656607,526.2393757454827,0.0515133980540894,46.54423317162156,1.493480539840802,479.3358581130176,5.217697257983674,8070.543765218841,0.7890311401566492,0.8760731419219882,0.1857734302521733,0.9087426827594012,95.56345565749236,0.036530372957757,58.60032109507245,109166.8837920489,908.8516819571864,0.347420367720637,0.6106596119520782,7.083456997327109,0.2244145148837608,7.616795485734244,1475.919790683709,0.126612317979215,7.243200435389612,630.1406022132625,25.06931457493352,6488.392725401047,0.2073772375145474,1.147632337398729,0.0011127561783453,0.0853656529675703
Patient 42,0.6534513746879185,0.4121931468963383,27.6454320380551,67.06912098421567,59.0636072382986,72.18158283107955,78.40960782965311,87.62671396326579,42452.68881087499,43.82640930624606,0.6082499151640256,9675.472931279764,0.2279118991586988,42662.188697,49.48009872436523,189.6094818115234,148807566.1495925,4.830247487274338,81.23305130004883,2.523946569011812,290.39892578125,45.01190305482177,110.5183320240543,98.84684753417967,277.2973747253418,33.65890747448373,122.9057912981531,0.6078996652714224,644447920.679649,0.0399184165247859,1895.671456830752,24.2760979754364,0.782070777337016,3.734764331922003,3.40001570869627,10.03365660058456,0.3390471093118137,0.2495389932678466,0.9862991688439208,0.9208846835763552,-0.1515908975077925,0.8647615969761764,0.2502646362685267,14.68773369023763,0.0032881262003231,8.829452360520314,0.792630834380619,0.0106931681318159,29.37546738047528,5.666096551782867,350.8364866165711,0.0390629417300306,59.56207710306445,1.320441339600625,367.8083266147913,5.301306417246852,7568.901924341946,0.8421196159183477,0.9116762843288068,0.1154161167754486,0.9342150282137484,104.5790875790876,0.0348248709887071,62.00919316004232,18796.79753579754,1074.93006993007,0.3579520712387845,0.6194463041360478,7.05785655877403,0.3048421480052786,7.452657915082798,1670.108516901837,0.1695369522791429,3.911731144680034,393.2363211856664,14.77809359455893,2837.680946096843,0.2705697021302749,1.847319514031957,0.0012661537358229,0.1734386763887173
Patient 43,0.5972897818153111,0.5132551682919507,25.28089256510093,49.25599219825217,48.13332317636088,54.47712639264299,34.38488766885825,55.34804151909984,22654.8593481666,29.42010083319071,0.7134346345994758,5427.137802724227,0.2395573381992076,22784.059967,119.9110946655273,235.4962005615234,165997566.267283,4.652349537524689,52.0672607421875,3.833621638522519,362.0652465820313,34.74512894902661,171.6944840624631,166.6422729492188,319.0490760803223,22.64673763256508,177.6301610233096,0.7784259543730853,718893462.1193371,0.048729355580171,1352.53163302355,19.26533322007722,0.7589276523046175,3.31113771739383,3.233558860404573,7.998328061114027,0.3624360021933089,0.275120622872689,0.99121144327276,0.9358233815498858,-0.1597910860414536,0.8658127154498716,0.2740451021904775,18.80422881098065,0.0042466618145575,8.4913027714713,0.7723835473057524,0.0120578409934748,37.6084576219613,5.507651201384745,225.9895248851379,0.0476842759597952,43.67148576754622,1.37285056809725,544.2518139327874,5.171813532567569,3915.449263166182,0.8249536722899966,0.9007500767622416,0.13609727057352,0.926044671973348,52.03607503607503,0.0375440656825938,60.27001253516404,55963.91341991342,450.7027417027417,0.3251823533208814,0.5883674492473173,7.080951548080161,0.2634480136856111,7.390686013250053,813.3835772666794,0.1546062682506518,4.175092015820004,256.36513970728,16.99505797376925,6030.584679718685,0.2331566926476626,0.4419414178854867,0.002318063139156,0.0807404672072706
Patient 44,0.7604304678804268,0.5981009106983685,31.2938798832421,52.32207362249627,57.88221574888093,59.04111110065596,61.03256343952791,67.77743060931124,37005.69177162516,39.78729892522897,0.5930080048272036,9055.989704930507,0.2447188330059638,37227.101212,68.65815353393555,196.9238357543945,149485867.5788554,4.701597112430883,68.31656455993652,3.207937025657997,321.8503112792969,40.26169153004722,122.1362626671292,108.7868766784668,301.8875751495361,28.46669656023186,131.8717789171944,0.8682994559194969,647385472.5595251,0.0462589220347923,1839.450566532306,27.47940183022581,0.7038484634632609,3.895457582898096,3.471185378389496,11.90668534461461,0.3394367172991162,0.2522194092729391,0.986565533171398,0.923191816579174,-0.12290431111519,0.8066099917058189,0.2521884537493028,15.36615578704848,0.0039213232460765,8.697478792037868,0.7093323390095401,0.0134099024331124,30.73231157409691,5.509095917697768,351.2005968033269,0.0448850519244607,51.5572023305208,1.325559490543615,383.4794163285857,5.185748738093181,6571.454848416734,0.8392256882175317,0.9101728890002504,0.1164282126588127,0.9328888768910468,99.36189775652814,0.0365435445960015,59.56516421498775,15399.53291651342,1001.254505332843,0.3682436577171177,0.6290227796266221,6.980841461694946,0.3163099115867845,7.329284877380458,1420.487901349465,0.1652498721904915,4.225733353745322,397.6416938110749,15.35132619823174,3063.378315495579,0.2775784772307512,1.217337279380556,0.0012698678224459,0.1264055873874984
Patient 45,0.9145463705166202,0.591399728196305,24.59216868128823,41.58298948883737,48.46338411625833,51.1570767343092,48.27112283757236,52.18546253507772,25852.39421649993,38.02957211224698,0.7514370881349229,5626.763711360807,0.2176496174489557,25988.812747,115.4890899658203,341.1448669433594,312570803.9328917,5.480042855360306,128.7588348388672,2.545930067737073,483.6204223632813,70.65934124716398,211.853435249691,194.3644409179688,452.1565456390381,52.5696550531135,228.2245668488161,0.6247376836785902,1353665071.419959,0.0256464782392958,7911.023706676075,52.3422463926701,0.8112281082458872,5.445233484556899,3.903709917171921,21.74428639700423,0.2765681823016251,0.1863671650498106,0.9885240041615312,0.9275800565299266,-0.1749740861701438,0.914262726713929,0.1890393084386871,26.08661067878108,0.0015265566799621,9.924497694407526,0.8176623278566028,0.0056440796096579,52.17322135756214,6.347782602165775,141.9256419836648,0.0252451673509871,147.6679029004166,1.217799982979711,1020.430123427052,5.83257746260136,4972.262337761312,0.8838968544186089,0.9367925858510762,0.0768998205858135,0.9528747527064548,57.35611089418196,0.0223959823874197,151.7831595519919,10733.61226083561,1006.066770792659,0.3928413786773366,0.6501428045204601,7.416998574652449,0.4267622062989502,7.730536711426654,1308.342776203966,0.2180207925685662,2.368082073528766,153.9045159140143,9.355607398766873,5896.675387435427,0.3612888550038793,0.3264052429294271,0.0023812789512086,0.215070651339198
Patient 46,0.867840113648973,0.692504316422617,29.39160098389548,42.44248055481948,47.5222579429892,49.89504283994553,46.13216773575679,54.30615987160204,27933.1377022083,36.83328714823886,0.662501714428653,6720.118524444979,0.2405787203746075,28084.894295,83.7001449584961,226.6068237304688,166906900.448435,5.002972154187357,80.74911499023438,3.204761152336972,379.0023193359375,46.33304956225865,149.9068763259382,140.5348815917969,358.0931644439697,33.21197613283796,160.4287338199455,0.6237985770641332,722831558.3963585,0.036214168394058,2066.283410081548,34.64972768319943,0.7290349370340669,4.42050816490524,3.624835086779066,14.55022495819053,0.3114053170519959,0.221252843784193,0.9882560630747264,0.9269065606661104,-0.1418927861706716,0.8557727768363977,0.2232204327587628,19.46700707296681,0.0023620610396814,9.238056994675569,0.7376904310938561,0.0075188976251596,38.93401414593359,5.863299914176039,214.6137588881442,0.0358252314328729,67.26435746307762,1.267681918066418,569.785547149978,5.414786133699073,5156.235221957272,0.8601516619506538,0.9237293161734178,0.0941106257584883,0.9425115564244796,79.25031605562579,0.0333966776467028,72.77912368905064,8421.190054782975,834.1664559629162,0.3515240016700026,0.614559579147301,7.189009974315349,0.3659213569776407,7.487391313999773,1228.924749421742,0.1895026598954113,3.098864172049966,234.8488820354665,11.99737856592136,4212.172089437163,0.3081307500001085,0.4739102969872717,0.0020278925511996,0.1175088706104329
Patient 47,0.4086214484056934,0.3440411922656706,28.52742595576981,82.91863473644973,86.75827165175663,76.10546629513544,42.50519968192127,88.68158771695508,47068.54332170833,33.88233262583073,0.6581503798969789,9578.837964718725,0.2035082730147057,47252.780517,79.1182632446289,205.1365966796875,243724594.1791196,4.81787970630503,72.876220703125,3.74286082160962,424.0091247558594,41.22158964366798,140.4973890709949,137.4164276123047,398.8718338012695,30.0068461408411,149.4573921506527,0.6792430157701485,1055509555.06744,0.0408766587925749,1647.670625591044,22.58129732638762,0.7763236368132377,3.435962592521415,3.3047223667427,10.45271739408673,0.3628389558283062,0.2767441652350467,0.9935460749139567,0.94652356608544,-0.1690611846440312,0.884242099216559,0.2748020678132215,17.22479152873946,0.0034284950748137,8.750244879951167,0.7905378859911205,0.0093477628988779,34.44958305747893,5.676159346591224,393.7446156559433,0.0402162681303823,54.21438779836589,1.387237711258299,483.1278398882497,5.352464822878128,8028.058976170487,0.8188352048086229,0.8972596462285766,0.1411353656216339,0.9232294935296989,96.14040728831726,0.0343481269340183,70.35196411314664,50510.80314398,927.0121471954268,0.3311940504449542,0.5953194046199436,7.287828571345562,0.2565301072312345,7.639252668456828,1636.215104023463,0.1499601415107196,4.596441286172714,446.005224085785,18.07451196040693,5073.325268078086,0.2296007058502008,0.7219783999657702,0.0012350722517443,0.0745955421868598
Patient 48,0.8647032726474603,0.7769284972637152,39.44342466186289,50.76841022150651,64.29725033001023,57.05,58.31665285319451,67.62044735137442,55887.5682438336,43.89961046564545,0.6597990904475745,10713.94026747354,0.1917052504544367,56087.504397,52.37619781494141,129.5329284667969,111733015.8612798,4.070042246277667,38.68181610107422,9.045364505764244,313.1076049804688,25.67402722675279,85.97022498210842,77.39979553222656,289.6676044464111,16.43540924113336,92.88361484663804,1.899412359207415,483887423.2421898,0.075627031107272,1558.56865190772,10.64872259813049,0.7693396200708077,2.258798585581251,2.790022795554434,5.416428529135572,0.4577330646557505,0.388989601007884,0.9942065994316198,0.9513881695784746,-0.1622149125108748,0.8375537367221734,0.3701590711299707,9.452578527764553,0.0111192012802978,7.331692645846801,0.793212355665254,0.029234980274122,18.90515705552911,4.880136812674857,774.5444301159373,0.0713713834074072,27.04546194922938,1.700347836644148,183.8930342775649,4.867837547373696,7958.023836000974,0.7319738517820439,0.8377553262890303,0.2683983756413203,0.879581327599702,92.8639175257732,0.0478679987246253,44.67501753640131,193321.7113402062,656.7752577319587,0.3385439472845148,0.6031163473895352,6.863668333469781,0.1497953825959385,7.318821919971353,1291.889661030036,0.0997521165184183,9.785844616738464,979.4456798702804,37.01714153347232,2679.659640182225,0.1493465989506932,2.158990378245169,0.0009176611582064,0.0405177042240322
Patient 49,0.5555258857235941,0.3419324798875254,31.2667798531306,91.4413859233713,90.53472538203228,93.86309391874956,56.93345238082792,98.74625562521344,78939.2322858757,50.79805690687383,0.5647554811825098,15757.43782336827,0.199614784272328,79179.04740099999,50.9584716796875,235.4535003662109,435059513.1089139,5.186773603773144,115.7478256225586,2.141029251051689,361.9714660644531,58.76090432091885,137.8941042866754,133.0437164306641,349.5685758590698,45.76889903730338,154.2590331861545,0.327998274370694,1884132681.217889,0.0298401652094286,2180.029411314952,39.98483536476726,0.7897510339572469,4.635787383506334,3.700930788698196,17.69233169403178,0.3129686973222896,0.2254049984758782,0.9855928438278684,0.9216359248586502,-0.1552084076613453,0.8772303694695393,0.2255307432040061,18.61063958029716,0.0020942273107353,9.509772153662349,0.7980615161684571,0.0100676571555002,37.22127916059432,6.071741153824028,493.0169993385501,0.0293601905693232,96.60929108689804,1.297885254527796,577.0637630058284,5.620207915821606,14366.64436291894,0.8546099147126905,0.9184109660508502,0.1092176929749602,0.9397504932441916,192.8832973139858,0.0297751307987011,83.8263538519859,13819.03334362458,2397.468971904909,0.3700940061600662,0.6305840409282162,7.284283663971376,0.3543182191106492,7.731334138832787,3311.292183996062,0.1811131752992431,4.026195022163781,545.5677405239841,13.76880161899032,4167.126729748947,0.3046460661208207,1.841399766201692,0.0007301409545582,0.2168160777137843
Patient 5,0.826208892,0.405376614,21.55720663,53.17821965,52.56592052,66.90946495,52.18546254,67.62044735,25632.24791,43.93631794,0.602577297,6976.899862,0.272192275,25793.92913,65.63959885,166.4089432,79773906.33,4.389348337,56.12283897,2.93849144,237.109726,32.23745332,108.8267781,100.1480637,216.1859932,23.26302902,115.7319005,0.73335482,345480605.5,0.05691497,747.9022262,15.85420854,0.724910504,2.900563333,3.095041027,7.176398317,0.403939499,0.325296272,0.985451075,0.922000281,-0.150763229,0.835539905,0.311226659,13.58804158,0.006707584,7.982259854,0.735571315,0.026513965,27.17608317,5.218690099,283.0573295,0.054335628,32.4642369,1.506447529,321.07445,5.014690093,4113.453278,0.787973374,0.87456734,0.19240278,0.907973419,63.30803242,0.046652935,36.1247094,48604.40752,436.2041268,0.321447404,0.586399108,6.816315987,0.227837475,7.358732912,750.6749496,0.126036761,7.498572248,338.9855608,25.65681666,3822.650604,0.204012756,1.331712018,0.001995543,0.112148562
Patient 50,0.5435566575711447,0.4643474411762531,31.58331594272375,68.01656075183499,60.57374761396227,65.70740064863318,49.03564519816171,83.97268960799099,52855.68444825046,36.97085442175213,0.6896151986329437,9876.546225468996,0.1868587329549927,53029.99701499999,72.63346557617187,192.5345306396484,222693822.0480238,4.739711838666351,71.8582992553711,3.012052646700152,329.5742492675781,39.94674527385245,125.7528720185142,118.5594940185547,316.1523323059082,29.3297007312308,134.8573712470591,0.526399708414485,964430601.753013,0.044208856174327,1064.550431465779,22.26061680420754,0.7624823472430133,3.292371292296988,3.275782005409262,11.06672097529512,0.3879868380119257,0.3085271299719648,0.9905184036745218,0.9382895689198568,-0.1759618294861296,0.8870119395297231,0.2949692089587996,17.05289976048608,0.0045192975142954,8.590319632416412,0.7822020146761328,0.0179778700095131,34.1057995209722,5.614293798126001,459.002022813879,0.0428196484622154,48.93655092450847,1.504617974743095,495.7165088218881,5.35279773791061,8478.574731051396,0.789634056059663,0.8753588591889939,0.1937874489219177,0.9089798994147824,110.7037557037557,0.0388570571090753,54.21421961681703,115503.1010881011,1018.97542997543,0.3576607335821095,0.6208886213346341,7.034689381825913,0.2326663944467129,7.73757710364817,1549.35394038383,0.1265295173853679,8.039505635669995,541.3374438546346,26.02278481012658,6044.404164965292,0.2142920707404227,1.064338051236223,0.0011116422256992,0.0885620805686549
Patient 51,0.5628544019233666,0.4554953998920067,25.41724232364996,55.80131507294284,62.47388334336197,63.9242692566759,43.88909317814621,66.8498750933762,27090.08561954163,31.40801582191857,0.6791991027456169,6422.349551948503,0.2370738004355252,27236.067883,55.96274566650391,166.9171783447266,85843864.11398888,4.62559753447338,59.74125671386719,2.96914067973551,285.724853515625,34.75718272059385,108.6386026856175,104.1574630737305,278.5372838973999,24.79103547616264,116.8325435674616,0.4624948373921066,371768056.9800649,0.0463984937519849,673.9004282116998,26.03278582358079,0.651629179760451,3.826659668604852,3.426394084506882,10.91051425244735,0.3381502453511259,0.24958832443877,0.984691821373644,0.9176468276939508,-0.1157597755595341,0.7858872818309662,0.2508671591652207,14.5457652245371,0.0034108233909202,8.679944650808094,0.6620581257402576,0.0096961194758241,29.09153044907418,5.469074667247292,263.8596312802354,0.0460117416666823,38.21849694329047,1.322784606529515,334.6459224550902,5.087084284950832,4836.151032753531,0.842290529619264,0.911848526731656,0.1170036067806081,0.9341930284018768,84.87231869254342,0.0433464344701447,42.79494851534941,9261.681307456587,657.0286006128703,0.3355610830504955,0.5995671051050118,6.908341522706817,0.3113372555255208,7.255586309242928,1063.619176339641,0.1691237361010718,3.714740224528912,291.8001272062331,14.55159802830339,2799.526474797265,0.2683053657837266,0.9164390591625584,0.0018028419137266,0.1080485424021991
Patient 52,0.9452379812133016,0.5236313308370457,31.67566135703625,60.4922958036171,70.01414499942136,78.27395096710016,72.16317620504242,79.73682775230024,55747.17986191679,57.1796155643689,0.5384823250684251,13105.73171016289,0.235092281665641,56048.527674,82.14104995727538,188.8012496948242,233872629.1665416,4.501197816345863,51.39375877380371,3.568458699763625,292.7652893066406,32.65745832435588,127.795170576785,120.0891647338867,273.1491546630859,22.04280066368191,134.4277721621982,0.8658082362463551,1012843187.145113,0.0534709605455109,1149.836716677814,15.92127765282514,0.7562651663105788,2.992822598055231,3.112969292391543,6.748336934902236,0.3833301198872023,0.2988956080829024,0.9904367909245604,0.9336419019443216,-0.145897315750708,0.8379471070163302,0.2965447254062525,16.33711269128743,0.0052094985949939,8.238791225887306,0.7651002852699584,0.0149697045461743,32.67422538257487,5.333180158803136,599.565986513944,0.0520552949770785,36.5890043098202,1.420721267699483,432.7441270404345,5.073880177217216,9317.148426652306,0.8077800402758795,0.8898755393887522,0.1538039046376587,0.9179174551137114,117.1881793478261,0.039805767441517,48.88701492626861,69570.43987771739,943.0876358695652,0.3203422676187382,0.5858113358056382,7.157581559019161,0.2274764333178797,7.379498703760392,1851.307680420337,0.1430464905285378,4.892901226806492,692.0211713800031,19.81749343223613,4920.738448462371,0.2086342478553781,1.559225723314769,0.000924331538884,0.083211481511373
Patient 53,0.7815993384043872,0.6481613951820233,33.61354257318741,51.85983432991672,57.05,51.77655936811561,58.04264983613342,61.72515370576245,39489.19472833342,40.53361220202404,0.6349336793313046,8832.316267665363,0.2236641270714034,39669.64252,84.87043380737305,256.0151214599609,282955724.5721678,5.169672830508897,94.8381690979004,2.382500751077169,344.7876281738281,52.67895593018856,163.7885212052857,156.150505065918,324.8446102142334,38.76988976194871,175.7565445283896,0.3362472703356393,1225409655.323742,0.0306968307240517,2086.154146004323,34.10920370607059,0.7862022693347958,4.47067215485011,3.621078013093156,13.55723671780478,0.3030813819686916,0.2110959764767038,0.9859508659261956,0.9191422591651832,-0.1537913346529454,0.8791066554495883,0.2149413090644277,21.15556422212018,0.0018131512605976,9.487232309982998,0.7930983654555663,0.0045340345093938,42.31112844424038,6.04547248908795,260.5721534336307,0.0306402271293982,82.87962039232708,1.24881669144324,694.964613635928,5.558335248697251,7392.175105486718,0.8687010376588667,0.9284346657709104,0.0874558636814863,0.9462944943641362,100.1710958495073,0.0299107482381329,84.08929848166886,11056.62257390266,1162.810092564945,0.3472111354329485,0.6108524945121379,7.363171876869864,0.3656113537117904,7.622016905732397,1838.259388646288,0.2006833393718655,2.48780038519479,281.1829694323144,10.67139737991266,5450.250764192139,0.3109315058091771,0.7898081221759715,0.0015714172145489,0.1813263934058358
Patient 54,0.7748324169875074,0.6446456174744416,29.78874963953521,46.20949686471149,48.90000000000001,51.54512586074458,49.03564519816171,56.58236916213389,32494.85787554155,35.80461614346105,0.7029901695612113,7005.050981722765,0.2155741381775783,32636.509392,48.66927909851074,123.2749366760254,54053053.64770669,3.922673115203732,35.65651893615723,6.120877758534528,261.4349670410156,23.81168140401407,78.697833114622,69.69160461425781,243.9638557434082,15.53725134956855,84.69147019094265,1.501005554288624,234090099.9256448,0.0856357988379064,829.9509000157128,9.299012179592667,0.7485565644181009,2.050762377357016,2.683659803778608,4.983505935127777,0.4874946377743601,0.4259383368874387,0.9931811441666356,0.9490692374800832,-0.1721787519108799,0.8428016911366931,0.3902206900777561,9.426718950736632,0.0152611086452174,7.029048215410726,0.7621167388437529,0.0503696292705772,18.85343790147325,4.727307089191836,482.6716175797386,0.0785991972549005,21.54122779762327,1.853956887017528,189.5205954323526,4.813180919446179,4319.652135427628,0.7015362317494799,0.8145414829332027,0.334757425983733,0.8627649403110431,53.48934010152284,0.0543038985802262,32.49738978072097,163604.4487309645,293.4994923857868,0.2979690278028292,0.5631612223302681,6.752562298099548,0.1307059447983015,7.306586182355129,668.5058386411889,0.0887083119216015,12.72863834627053,645.3513800424629,46.6234076433121,3273.45567940552,0.1287815866986157,1.491851411923774,0.0015851777058202,0.0396020667550813
Patient 55,0.6158481461244604,0.5062547039799389,24.16275414578812,47.72845359427139,50.92282788691139,47.93973821371995,40.84768292082183,55.73074645112875,21715.80904033323,29.39347966341937,0.707142791729902,5323.055754622441,0.2451235293484031,21857.280109,77.24623413085938,148.0048095703125,65478155.74761981,3.99971170416347,39.28509902954102,4.389803280134493,328.2412719726562,22.64741711337858,110.3294610495328,105.6715621948242,293.6865768432617,16.03611686711843,113.9020569215366,0.601175258716935,283569326.5695372,0.0740327232710755,143.6673544823593,9.65779306856891,0.6992482407529239,2.274931325930531,2.770025997042912,4.325249015755448,0.4464587870448889,0.373777774225165,0.994903077926382,0.9516998553395342,-0.1553706871888086,0.8256298522477192,0.3565198861233685,12.15457567601708,0.0092454054715115,7.367665394485887,0.7794960528953477,0.0329565076200838,24.30915135203416,4.874880710301412,308.93863377178,0.0719636778811527,16.93305286971648,1.62261830755339,260.1940503387136,4.717105394287358,3217.877511660186,0.7472647683243386,0.8505890780509368,0.2300867967444194,0.8873667342092022,43.15006821282401,0.058867760181206,25.14909852984148,114782.8417462483,206.4570259208731,0.2816603354991447,0.5447560434556116,6.611752440754647,0.1452347929463047,7.205644669996977,569.1054091539528,0.1127611272347836,8.200690721405433,373.6431543491183,32.06082821478106,4394.176144244106,0.1446060665251822,0.9917676309309424,0.002135332135505,0.0478159803678312
Patient 56,0.6304299534614751,0.4950177556149678,39.62009335806757,80.037721695148,92.78122654934025,79.00036772066316,65.92941983667077,97.55519360854142,89218.44073816713,50.45817716343465,0.5774597589839602,16721.12467818956,0.1874178089175724,89490.556008,90.87099380493164,231.0439315795899,562526962.6142325,4.938387326543761,75.9352855682373,3.041285960238492,395.6746215820313,43.94884780891309,155.7620016096915,149.3151473999023,369.7192039489746,31.38996002395164,164.9926033687194,0.5918105438441179,2436161955.7607,0.0373763337489577,1650.535756110716,28.8850230075861,0.7507956082791836,3.96807420759528,3.500352471904226,12.68976745019786,0.3374021989700647,0.2500762363493863,0.990501889866461,0.934905173379453,-0.1440255671842719,0.8545553161769102,0.2482577124568143,19.30438785378419,0.0026835676557637,9.096124788958384,0.7609794501418968,0.0075046678913529,38.60877570756839,5.810055132290644,693.9838616009695,0.0370214607746677,60.98898424036683,1.343778314921586,578.7114226342593,5.42345128790504,15685.88947895942,0.8358478527120101,0.9071443461687364,0.125735143546304,0.9311922812463862,217.5150931278099,0.0349253521399823,65.88148502381564,31348.26991008349,2159.285806037251,0.34670613455961,0.609948220173859,7.27248275220583,0.3013937282229965,7.657202215939028,3366.293263646922,0.1629061780704085,4.472805153083332,772.3445605884631,16.1298877274487,5118.448364305072,0.2637899110367036,1.459240470418722,0.0006586012122683,0.103306054252563
Patient 57,,,,,,,,,,,,,,,,,,,,,,,,,,,,,,,,,,,,,,,,,,,,,,,,,,,,,,,,,,,,,,,,,,,,,,,,,,,,,,,,,
Patient 58,0.6159649002778808,0.4486467107910439,30.62976816310732,68.27146488849009,65.70740064863318,81.90648631213524,58.43044155232784,82.31096524765093,42138.70965337504,42.05282606186363,0.5964882668711505,9817.54817317756,0.2329816991059962,42350.374913,62.44214782714844,231.9297607421876,208110181.6473182,5.003339995347711,96.03661346435548,2.531801910373765,342.4017333984375,53.25485818963865,131.2234092068363,113.7615432739258,328.9656829833984,39.68101083843464,145.8812382842067,0.711832294911072,901272544.8385782,0.0364733166639549,3838.240979875253,29.174702708457,0.8151936597199809,3.960165605159063,3.496921032426371,13.0028751370701,0.3408015395502956,0.2546142147748649,0.9879810112426782,0.9280104355790196,-0.1689113896706273,0.8896894392636097,0.2536052658014788,17.68003408551582,0.0031463801711282,9.06503851674288,0.819543436424026,0.0123077211058375,35.36006817103164,5.864766211487341,313.2316879605591,0.0352768794533922,83.29835316779862,1.342242301287671,528.0123804716253,5.489807214482364,7446.142055002584,0.8377490065854155,0.9078952543519472,0.1260660372501224,0.932058102177942,98.43907898944676,0.0314803578476005,77.51100051962906,24081.19475535657,1146.600255836265,0.3666774083262759,0.6273581331662984,7.155146824235024,0.3197668473259024,7.648097955204269,1578.631250639125,0.1614307445177548,4.572693294484244,356.6725636568156,16.09684016770631,4250.616831986911,0.2772507143226224,1.159802296696491,0.0014763712653405,0.1668521493533633
Patient 59,0.5510482562417481,0.3832005137201346,27.77569622397736,72.48345247329958,58.77048579006303,81.90648631213524,56.20546325758733,82.48830765629756,49972.12873741688,39.94188009179335,0.6478201685118787,10127.79479277404,0.2026688686005646,50158.711754,102.5211891174316,235.4739135742188,332904917.2969523,4.892644358052108,72.76094627380371,3.461322174953321,438.2609252929688,42.76116504481238,160.9175174042384,150.4135589599609,422.7629098892212,30.01423563914998,169.5384954564286,0.651165186622942,1441726971.869025,0.0407769861599053,1771.442328782039,30.55690628752012,0.7304010478619039,4.058994649027338,3.526770545452102,13.594448434615,0.3320391198400804,0.243851121656883,0.992100366579402,0.9404769053832452,-0.1384449328345985,0.8449882709258029,0.243819595174382,21.28220066688069,0.002989255526189,9.067089107801277,0.7750397976106117,0.009319517627347,42.5644013337614,5.752427769584012,422.2866702556748,0.0399965150563053,59.12447404469049,1.322585873159744,670.4127653341998,5.366985546674041,8895.144022336128,0.8415886322648712,0.911540454020164,0.1163042479746049,0.9338933513912144,120.3190661478599,0.0334405408971261,72.3694425536267,37481.73012784881,1282.879377431907,0.3565534678799073,0.6194430822455822,7.254461170019339,0.3106544638231739,7.569396137828519,1936.289759972371,0.1671809497472259,3.758589187438895,472.2790537040235,14.64824728026248,6300.417458124676,0.2718454094175711,0.6736146308928086,0.0010615919850941,0.0865256432774832
Patient 6,0.911136862,0.719877096,34.4802943,47.89747377,64.15245981,60.11142986,58.17981265,64.23523721,39996.61392,43.64115393,0.649774945,8704.356042,0.217627324,40193.66291,80.80050659,210.0187836,188132640.4,4.666238845,64.35058594,3.928485084,356.2825623,41.0635901,132.6042336,116.6790466,318.4511604,28.03653637,142.3753121,1.14179539,814754868.0,0.04990616,2732.375916,26.78045319,0.72811776,3.737966484,3.435500488,12.49726703,0.35325889,0.268198766,0.988055051,0.929177505,-0.12977191799999999,0.8189184,0.267064653,13.77959889,0.004998215,8.551962447,0.736233881,0.016021544,27.55919779,5.445757831,397.662958,0.047520491,56.60922316,1.372608752,333.5717651,5.195882881,6936.793003,0.828292021,0.901444639,0.139159735,0.927672121,97.17743702,0.035479166,68.8071584,40456.30705,1019.426433,0.372189278,0.632377179,7.013793843,0.29511906,7.329969381,1418.459756,0.152834798,5.150098736,463.1790755,17.84107316,2567.947527,0.262854763,1.372269086,0.001178391,0.123440484
Patient 60,0.5974053098099488,0.3877384315157838,20.49844729254191,52.86668956803543,42.78555947980579,51.46775009654104,53.06895514328504,59.31050159963242,21735.47784962492,31.58284106001859,0.7022254608213653,5363.566641637221,0.2467655267919393,21852.949362,80.2901496887207,263.3990936279297,160476736.4703475,5.283383696863775,101.7642230987549,2.678527820431544,415.2876281738281,57.26723839548757,164.1593453002458,157.1242218017578,398.4982299804688,42.00356989967688,178.3332887733807,0.4778064182416542,694984145.0387478,0.0289419779565846,3349.881702426518,31.53296853476732,0.8337476100710133,4.289292537199021,3.555891525455356,12.48350083779832,0.3122522514955821,0.2212491072311913,0.9909336865717322,0.934099499190826,-0.194328496257447,0.9239398139661168,0.225055984019855,21.53716364463842,0.0018808649942835,9.48440246040015,0.8520298194822827,0.005737534538833,43.07432728927685,6.172988202165834,134.234099610638,0.0287486549564544,99.28059974516152,1.267041628811574,720.5688398347079,5.680464480540054,4040.228680262745,0.8640575831319434,0.9253026006890456,0.0953669027090852,0.9439707091665586,50.6275565123789,0.0272484157763072,104.6540500393376,11677.65823466093,665.1700753498385,0.358003269833067,0.6203399628891759,7.338270250233553,0.3682124455013872,7.748197696235653,966.4843440348792,0.1915347491151167,2.823444838598646,146.0412207689259,11.47958779231074,5511.674791914387,0.3108629203944414,0.3234852022189222,0.0028527560774924,0.1578720203619427
Patient 61,0.3233500985868114,0.240933464768318,24.69072930627383,102.4794514536056,98.47682468479576,99.22938778406323,40.75000000000001,99.34980372401348,48066.78050520838,33.13674073064572,0.6046043617686119,10574.08680588804,0.2199874153157036,48326.805773,77.15999755859374,209.3815704345704,243569630.104634,4.819816066866476,73.07311248779297,2.38941624691107,293.2334289550781,40.88623371899261,139.2163179079492,134.152587890625,276.9041042327881,30.11943914108746,147.7402839918475,0.2795258164299376,1054838444.866754,0.0392749288384073,748.0699062164078,21.60056833025364,0.7767516113756223,3.520300415575464,3.300846469065677,8.703584355155721,0.352521432351899,0.2648795580059833,0.987136000982726,0.9232637328919358,-0.1600166330271381,0.8663018540278199,0.2625498820501013,17.98081402641053,0.0029435528420343,8.822643018209657,0.782555314321762,0.0080837408422195,35.96162805282105,5.70434934932456,394.8925301850429,0.0392103938675124,49.88611404644882,1.368381850934038,522.6109653692102,5.316110734252804,8353.135874231106,0.8276034950710786,0.9025829444325724,0.1348927071235049,0.9271789765484328,119.161892071952,0.0396941679120426,48.89380486293614,21858.79913391072,914.3957361758828,0.3045955150485951,0.5702337593169062,7.24139410902818,0.2690205215521104,7.607153343195431,1770.36177076799,0.1586487831138981,4.064675407966483,438.2689309077874,16.54565821310153,5799.20378170087,0.234008017818169,1.304331659274416,0.0012240501465752,0.1290653868803524
Patient 62,0.6458943171437942,0.4332193792412186,23.97200897359165,55.3345720950399,54.79322038354745,59.97868454709555,44.49034164849715,63.7577995228819,28878.68413054161,35.74028565776985,0.661344523595448,6882.950240499747,0.2383401615318219,29041.989382,78.74587631225586,247.3587112426758,191447283.4267023,5.191901662432878,94.66713333129884,3.481860401606395,467.5914916992188,54.63142704186644,154.8535061556654,142.9915390014648,453.6362628936768,39.16379048514877,168.9634737062091,0.8036322141665179,829109748.3583407,0.0320524799892978,4890.850531598815,52.73780360468857,0.7251741018156963,5.315098620003061,3.882145647697785,23.51509034805324,0.2859066055050531,0.1963853018618788,0.9885364804412096,0.9295098512348328,-0.1441261489812013,0.867593861879197,0.1996217709449806,21.29807495281609,0.0019357644796684,9.632950266144151,0.7415055468695233,0.0066927177962157,42.59614990563217,6.059146638638252,197.9067095013761,0.0316065302084951,94.29067715770331,1.23234996987568,666.9588574215497,5.559798978985717,5510.318066602322,0.8793140132517142,0.9336873981967928,0.0833081127789995,0.9508114550020832,81.51438596491228,0.0286015389350569,104.8906692520776,7774.996842105264,1184.929122807018,0.4157646044936903,0.6701581081298982,7.146745329676945,0.4249925439904563,7.527513535672784,1397.270504026245,0.2083612442627863,2.818615590028969,214.9439308082314,10.23948702654339,4059.561139278258,0.3649132193523616,0.4216025041593349,0.0017771231915028,0.1475959400027414
Patient 63,0.5571556731053594,0.5330442426933973,32.45349821532061,60.88331064479312,67.0681123932976,59.04111110065595,44.28083332549197,67.64009018326335,32942.72929445831,33.92148192318241,0.5948670579374487,8354.181824370584,0.253597136706458,33134.545297,109.8771438598633,276.3156433105469,297801742.6775626,5.152823951019291,98.9410629272461,2.462671517720693,416.5174255371094,53.45311092689401,186.6628806114571,178.4841003417969,380.2005920410156,40.06338281719383,197.2897472509707,0.4233423644567997,1289704003.695626,0.0314514547616846,2182.714917657659,34.88283456314441,0.7780520985850672,4.477007341149188,3.641566974129553,14.31552116934957,0.3091993632656438,0.219303292388644,0.98894156641855,0.928341418091352,-0.1562735435460213,0.8824493607115843,0.2201381745115367,21.51112046581305,0.0020532622240396,9.409205198941107,0.8219853651555951,0.0081187594690813,43.0222409316261,6.007349610556592,220.2598921619024,0.0311471417371771,83.472776431555,1.26866476852045,705.4542288921855,5.558499846860703,6109.715328662418,0.8633481793618168,0.9242532398982534,0.0963070457527431,0.9437889693097224,86.36347946151191,0.0298113494861967,85.41810871923141,14073.17707973766,1088.705212288574,0.3758043535687174,0.635776471279126,7.201487430307558,0.3786433145993987,7.637086757666428,1455.741602404914,0.1902681482688425,3.424499188139985,240.6350803816494,12.24192915958698,5145.578355770487,0.3215525852571616,0.4971149112063964,0.0018943530432867,0.1423796826020897
Patient 64,0.7402697648063327,0.5067034385128102,28.98538760341514,57.20385022151837,53.21893835844529,64.2145528677106,60.90182591679825,70.1089509263974,44876.10265295827,42.34628074950009,0.6665756530908435,9161.742883149029,0.2041563848358181,45044.099547,80.3215560913086,187.8669586181641,190912345.2498519,4.554921473953978,50.99757385253906,3.669628191835599,297.1844177246094,32.82687782931461,128.6505807160116,122.4374694824219,270.3968925476074,21.72938216771421,135.4813321154574,0.795628135891227,826793066.4537604,0.0514251230215978,1060.352678548277,20.35306938310144,0.7144752529964471,3.308932238006045,3.253692157305859,9.006778401934202,0.37195357818969,0.2876511435089499,0.987955939585456,0.9278178024027952,-0.1365846083896487,0.8199641581048341,0.2825627909170386,15.6966917675016,0.0044813557408473,8.450981941528793,0.7188895698762097,0.0118587439712967,31.39338353500322,5.422029843458726,466.9293180248652,0.050397203534675,37.81411556080545,1.416698311620024,394.941252284663,5.118889273293396,7507.323578561313,0.8089511864530752,0.8907279625479798,0.1517748159789708,0.9184232991568254,102.4383078730905,0.0401246799346222,48.96557999781828,41927.1535448492,843.8860164512338,0.3305468141211257,0.5944692037013065,7.053642484453832,0.2454571675800403,7.481236128214046,1473.422459378906,0.14166161516959,5.24875431454792,534.8727045476396,20.00259590423998,4698.550235554274,0.2205039810842122,1.328199446033932,0.0011504646470647,0.0914618280134474
Patient 65,0.7890718180640549,0.5428776028413271,6.10407690895742,11.2439284232942,9.50445158859784,12.41371016255817,12.41371016255817,12.83463283463925,392.8348424583334,8.87226704315086,0.8280654639593846,313.2512309256112,0.7974120344450776,420.082459,152.8010223388672,323.1140808105469,6062834.41158713,4.85002844173459,114.3124847412109,1.85261362989713,346.14501953125,55.49781993112271,241.6040767394391,239.0425567626953,229.2241516113281,44.06342535844077,250.006894989189,-0.1084406143789206,26256601.93947773,0.0387926453395685,121.6121016835186,57.77306705730589,0.6408125764755328,5.921076513190513,3.546704390492371,15.93466425144665,0.2611398828612106,0.1715822867649481,0.9561959129820709,0.8629484857263165,-0.6119342410424962,0.9983588968623692,0.1667711277820414,18.51689539860785,0.0116080472219426,6.547573253025688,0.951854604561832,0.0243807653896772,37.0337907972157,5.06052673916677,3.572136786038175,0.0385365002982321,84.27568022315633,1.153654879281102,524.0095096806172,4.965350132843478,85.1933769726277,0.9168146490571571,0.9555908009516256,0.0532388896143695,0.9662523804783548,1.962962962962963,0.0363511659807956,75.69410150891632,2525.685185185185,22.7037037037037,0.4204389574759945,0.6722633744855967,5.282484261342587,0.5567010309278351,5.640948409108205,26.79381443298969,0.2762248910617494,1.161653735784887,3.762886597938144,5.804123711340206,3215.515463917526,0.4515864833906071,0.0212891376610867,0.0848855016981716,0.5176408895970617
Patient 66,,,,,,,,,,,,,,,,,,,,,,,,,,,,,,,,,,,,,,,,,,,,,,,,,,,,,,,,,,,,,,,,,,,,,,,,,,,,,,,,,
Patient 67,0.8473904131867824,0.7970776004939955,40.4942583624487,50.80340777027487,54.47712639264299,64.15245981254343,65.70740064863317,67.62044735137442,53465.77843187522,43.05032070174981,0.6694130579112221,10252.75408915807,0.191762925554743,53640.632342,98.6894187927246,251.8473052978516,411050166.6778176,5.089547681654278,77.76037979125977,3.70675738256738,468.7426452636719,47.33746890763176,171.8580141644976,166.1157684326172,431.767894744873,32.46620935823268,182.1721049383869,0.6974256635551974,1780154276.189458,0.0344789694348971,3000.731620188673,34.8313685242698,0.760099806217,4.415081409862347,3.630910162318645,14.87345061360288,0.3110322881133499,0.2205959309449062,0.9912815836418024,0.9365231644496208,-0.1448969844169191,0.8662655298995195,0.224151333353181,19.61071939187718,0.0021435997518694,9.395117959253408,0.7692092536400661,0.0055482315964456,39.22143878375438,5.965967036183246,390.1606056405224,0.0341362872357318,75.55927367568788,1.273048199198386,589.3187315205753,5.512533775619928,9835.968946228477,0.8600103441056818,0.922760188301929,0.0970989571425826,0.9423627176972162,132.3030583873957,0.0306540913779878,87.5348261227701,14120.70528266914,1546.518535681186,0.3583221815758077,0.6204493117628423,7.332888131761853,0.3484579363797836,7.611313287352631,2327.997416437914,0.1879539331856865,3.014787665055443,427.0565154206362,12.06426610689488,4513.530922008719,0.300471705351669,0.7608262527376753,0.0010762481477247,0.1137524560978794
Patient 68,0.5252821133292824,0.4547590284189147,32.6406781881326,71.77576727089115,56.01605930445304,78.73085608578126,60.39804384249543,81.51629837032591,57460.17074820838,37.70252671788445,0.6606032118885438,10900.7083042593,0.1897089438182566,57663.896305,95.65362243652343,234.0084289550781,386311928.0394196,4.947717134615354,75.21185302734375,2.822119402273602,390.2166442871094,43.22926010952471,161.7772363484376,158.3816833496094,366.1350688934326,31.00892564870851,170.3328737319456,0.3523753326401244,1673019223.420932,0.0369173761123948,932.626178871044,37.48026691080116,0.6705019007040985,4.729786166978292,3.69133748888665,14.56472067903909,0.2911686097034671,0.1986965259252529,0.9872580578754316,0.9219508997642242,-0.1055209443621714,0.7844121185039851,0.2023175152608642,20.434330318804,0.0020555336397167,9.349527119776404,0.6770312694950599,0.00490367890414,40.86866063760798,5.796556886604288,455.0386322157152,0.0366749356342321,58.70188933277052,1.235437198930181,589.8541012809404,5.332294591372253,10853.65533076925,0.8742378967348592,0.9318293422686964,0.0823815266171161,0.9487487442038408,170.9596742923614,0.033144566555324,70.14761910596836,8981.848196975572,1922.397828615742,0.3727021769320943,0.6337922561946213,7.179435593011315,0.3873826511453248,7.376685467833892,2729.35929402929,0.20498379977689,2.349116366208945,491.5548629365377,10.03552384528727,4400.603454750281,0.3308613556011966,1.116356622877117,0.0007886162982815,0.1275100094703353
Patient 69,0.5306884114274932,0.3905409525101248,29.91404043966619,76.59642413273076,54.67186204986986,87.36860820683823,68.71179884124706,87.42940752401333,48919.39632083334,40.64883464402539,0.6174535630726983,10476.12204974542,0.2141506812765788,49106.340233,76.0302719116211,212.0388061523438,264156413.3053452,4.960399570063585,78.72757720947266,3.280394644702753,451.2471618652344,44.22108573012493,142.5587762022199,139.49267578125,438.0536088943481,31.97155016973126,152.6311589608,0.4613962344675728,1143994594.452883,0.0367019195278296,1179.614967453105,32.87124396339194,0.7215870960835249,4.148924213077961,3.563669055457173,15.16507517000836,0.3314409620503129,0.243485098767271,0.992300253632472,0.942006194876709,-0.1432547284254111,0.8558880012480247,0.2411755994366523,19.54558306322512,0.0025002924601509,9.166608355190911,0.747229058332634,0.007222151671258,39.09116612645021,5.821767416792143,376.1814421360465,0.0364044120069342,61.4924332719625,1.323937078765004,585.5384060401163,5.429124855173702,8708.552640099975,0.8418258853399774,0.9113203579205872,0.1170238573638963,0.9339909618281574,115.2977528089888,0.032387009216008,77.0547907461179,24409.57612359551,1305.241011235955,0.3666407334932458,0.6283406277395499,7.233442676352913,0.3139606667254608,7.660724642510567,1895.273039950613,0.1671464009128329,4.030915016700912,416.1630655260605,14.95837375429932,5530.898580121704,0.276762618980878,0.6800348066046782,0.0011084668944704,0.091697613457221
Patient 70,0.6323823300991452,0.3866054831263509,30.93521344468247,80.01752379329858,72.16317620504242,89.11494880209493,67.00866361896796,92.39382933940988,78035.54974520871,50.60166814516995,0.6529248561383362,13525.37303472087,0.1733232235677471,78247.936796,71.39083786010742,220.2911254882812,397578017.9240488,4.972068532848819,88.6829948425293,2.287107767985474,326.6682434082031,47.84366327852135,136.9965245239709,128.7926635742188,313.2691345214844,36.16054291751618,148.3392712752837,0.3410779287107401,1721809808.390521,0.0356678952594358,1290.083918592404,19.5277282923599,0.8493575897829712,3.214223161565692,3.225167939927914,8.834674239685425,0.3810036788273918,0.2985592173961354,0.991152888170877,0.937947296696954,-0.2053834861822473,0.922940113163882,0.2906407955105448,18.74208435928492,0.0031281714732476,8.889986299497988,0.8544214662299131,0.0107900417244191,37.48416871856981,5.891226017770439,562.3222340600558,0.0352765549105508,65.6892349844258,1.461498890408429,604.3193214312704,5.552387480872519,12715.82623956283,0.7961188818574813,0.8822695458183616,0.1709657783639455,0.91220594762305,140.2672822560519,0.035005560832556,61.82709594371566,106514.034938857,1291.87197404542,0.3224037868843076,0.5879501778333048,7.337531599607368,0.2217733008634049,7.960269116800776,2419.612021253044,0.133916981472938,5.869536585498544,644.4475315474873,22.36119105601063,7618.964246181094,0.2027710276364763,1.524780136863238,0.0009013478892045,0.1179020093518237
Patient 71,0.4627137173035884,0.39152327763644,25.37809476065652,64.81886572328418,71.16214864659442,65.24073727357776,39.65961169754439,72.0710725603553,32157.78140070833,29.99257831022297,0.6820369341626342,7170.238749636559,0.2229705669147506,32329.026355,85.27812042236329,187.6210968017578,151696576.2333789,4.509493532197247,59.97205352783203,3.344859589538939,327.6454467773437,33.12535990077244,136.5705100599265,134.7524261474609,282.2792587280273,24.1924470960903,142.5518912268377,0.548747187548956,656959492.4329768,0.0496667233425555,622.5837773815375,17.15159208227189,0.7450379733143233,2.991406414381766,3.127793061729541,7.853506787188981,0.3952549259881098,0.3150716166948788,0.9902791999837284,0.9355980287853848,-0.1627379343240575,0.8591396316781942,0.308792719293936,13.74115377838156,0.0047627648906254,8.248914644980761,0.7623437339530109,0.0166002566873753,27.48230755676316,5.383493312018141,322.2084258385393,0.0491012902072734,34.60846998511455,1.478307648529518,324.1249720322813,5.107889192204267,5210.475440274347,0.7924417957903357,0.8790561079911381,0.1786370556210447,0.9103274172413486,71.87786732796032,0.0445616040470925,43.10097783469632,41487.71419714817,497.0123992560447,0.3081291997867604,0.5734206727187738,7.028113819082444,0.2160750167448091,7.505286993692785,994.8553248492968,0.1332693000467912,6.541599471344057,370.7620897521769,23.71882116543872,4071.704085733423,0.1967966276512567,0.914804704271539,0.0017964086944448,0.0756934540100102
Patient 72,0.6661617741666505,0.452996934612712,29.75894007489637,65.69346898636005,54.25721334532395,66.00996894409207,68.10981867543033,71.05005277971297,51342.26881954155,43.76247785111543,0.6743135048729784,9906.927186232895,0.1929585001600511,51518.566312,85.8802490234375,252.9040603637696,375566406.2816637,5.160618433727947,96.01233100891112,2.298992843366161,356.7188110351562,52.44701254303637,166.2436604828504,162.6252746582031,337.7937088012696,39.28177245904411,177.6817780385639,0.2079053399207317,1626483087.305096,0.0304813878993419,1017.192568794632,33.78484736404288,0.7827435942378146,4.44131449569438,3.612576161112009,13.42256977952328,0.3062254489634942,0.2150099902180384,0.9866077861047844,0.9210855215588786,-0.1529234635686553,0.8761033741026575,0.2179125061795682,21.75985080676271,0.0017933485181601,9.491938529057656,0.7889836792615844,0.0046005703501846,43.51970161352545,6.046889912103396,334.7423607765856,0.0304282168713977,80.40919837078319,1.264919857582093,715.1617025982098,5.566506842323907,9503.878267949896,0.8631441749128439,0.9248098908488954,0.0938283463461805,0.9437251809920528,127.7203589985829,0.0301654130842189,81.50448770541642,14043.76594237128,1435.298063297118,0.3389934018179307,0.6013256590679221,7.374603292384181,0.3559179556153329,7.675131685385972,2315.338937457969,0.1946317196921628,2.845481620807817,362.6065904505716,11.57716879623403,5738.076412239408,0.3000406575623836,0.9323030939342006,0.0012254904207686,0.1743401470519776
Patient 73,0.9091393457635338,0.6990007356142729,31.85528970286309,45.57261255936886,54.18371065181859,56.86340914859045,52.89343721105672,59.53406251886393,39279.33394662495,41.43185516695961,0.7215771852114167,7744.215110711161,0.1971574956244026,39435.782182,76.70595169067383,232.2643432617188,236410501.1892541,5.030729193927806,88.42038345336914,2.312745964178925,318.0431518554688,48.28408241064334,150.3245361132489,146.719108581543,292.3303356170654,36.02733756970919,161.1274592189305,0.2870812949380635,1023834068.793858,0.0333282376118371,1084.902612920383,29.38160899805485,0.7783205246627383,4.059188720484479,3.517620497804304,12.44369181565671,0.3293472051472256,0.2412585649317362,0.9850263346531836,0.91863126864351,-0.1557265719133299,0.8765210178381619,0.2445699609220231,18.48707300212613,0.0022115099621471,9.228550356522124,0.7815083457949062,0.0067052038345524,36.97414600425227,5.91324410045994,276.3766784711905,0.0332168940581917,68.70691631763867,1.310352394627988,545.5561472835027,5.481689617348196,7032.973455447262,0.8445052567697928,0.9137339708391762,0.1103759115463905,0.935335034012216,95.20914127423822,0.0329671541808304,68.98911138170364,14905.15650969529,992.8815789473684,0.3437955605773436,0.607393415979166,7.229194690592737,0.3171535251482539,7.689643292042463,1580.633867779486,0.1735815800328888,3.806135309785053,303.4869316933889,14.32264441027894,4811.109817702613,0.275192772338755,1.035665720212635,0.0015380600017322,0.1766704282229331
Patient 74,0.6631449829132398,0.4411561625349532,34.07862729091607,77.24844439459915,86.63568837378739,88.21598551283094,68.78908997798996,91.74453226214628,87020.04529229105,51.2269183381308,0.642628597140191,14777.59000938596,0.1698182293487622,87255.890556,75.28659896850586,253.5112533569336,546868557.1244351,5.158685033472926,93.284086227417,3.233687555939254,425.3276977539063,55.78895907956357,149.494041391467,133.9219818115234,403.0455570220947,39.43920295441755,164.750031312207,0.891297135088302,2368349363.160975,0.0333129836233906,6445.722565148252,31.66604204686693,0.8332326238332521,4.152230045975298,3.557680375914257,13.9798800707587,0.3264062259875906,0.2374452037137842,0.9909634552698688,0.9363998458899352,-0.1691574767265688,0.8979227490796643,0.2390402807401753,18.37457313275322,0.0024595896104438,9.374525231038588,0.8405116903772141,0.0080407403941927,36.74914626550648,6.032202951248421,599.3906963688065,0.0325557905632395,98.85596724507823,1.313086137751302,569.7350290295518,5.626714196782921,15577.29639369683,0.8453987664786402,0.9137230647057926,0.1130320627165191,0.9357227122804702,179.1523601807135,0.0279096993582666,104.8995746265717,40133.15376226827,2401.087864153295,0.3740594896640123,0.6349111872753657,7.415601401903825,0.3185924161207067,7.799776129294602,3431.771391701409,0.1703281413391607,3.798407705157731,671.1899940440738,14.31675600555886,4550.44619813381,0.282855339814619,1.599300007819736,0.000683728914949,0.1477199606081009
Patient 75,0.4772419483927191,0.4243625724221628,29.41604717151255,69.3181941178568,62.47388334336197,72.7863902113575,44.7582685098519,74.50009463081237,41917.66110858323,33.0815500198707,0.6613669659141179,8823.474882314504,0.2104954009589951,42086.199346,61.77933807373047,153.7604827880861,119634077.2315047,4.428756052592854,52.08909225463867,3.827765313795951,302.3447570800781,30.58063035081844,104.0255422475383,97.77230072021484,289.5178909301758,21.14155099094274,110.9529885816099,0.7005781649764439,518104921.0681073,0.0560772627358858,564.3146666265886,14.3831408437925,0.7443136570491955,2.674483479169183,3.004466107055267,6.983969435950257,0.4255120076345265,0.3505260958478683,0.9925440963220038,0.9444128784667212,-0.1713349796167181,0.8651919661844437,0.3294232181039864,14.0199829999468,0.0063310710133689,8.006933526099642,0.7692847525858648,0.0189408655087118,28.03996599989362,5.283512518822572,454.8920779083381,0.0547142344257022,31.3801801629066,1.606925176927725,360.6411631503055,5.126855187886317,6322.18902449034,0.7585719975830991,0.8554545886301391,0.2318241277699156,0.8932327509691844,81.53751399776036,0.0456537032462264,41.77516461867781,135454.3936170213,600.047032474804,0.3359725825726786,0.6009890496881751,6.903057977112404,0.1837826713315497,7.648485541831209,1073.646017699115,0.1104801417677624,8.861671602665005,544.9588392673389,31.5019551348014,5900.57470672978,0.1747236395057254,1.196957691350626,0.0013004603276031,0.0646790466499178
Patient 76,0.7894734158253757,0.4747881669992771,32.95468781454275,69.40924417476674,70.39260259430674,86.26689341804304,73.42240870469995,86.51293140334569,76374.70827070861,54.79675308851065,0.6684922795698077,13022.29226311872,0.1705052962947035,76606.58368299999,95.0423797607422,248.8907348632813,563657797.7624974,5.085804749354285,76.80587005615234,3.287819764255349,407.4080810546875,46.98911510253786,168.2224628517064,163.3114624023438,383.3844909667969,32.33986793198532,178.5073565722583,0.5801388672598663,2441059316.686542,0.0344629662901927,2272.638711420444,33.80695306865655,0.7625100659972277,4.285877317670763,3.594546921525226,14.84090374402125,0.321887849937459,0.2331067273240252,0.9897149978635496,0.9325197797175336,-0.1474352875511478,0.8648010391582409,0.2342077227821516,21.35402029022684,0.0022152706438727,9.392118668047504,0.7669878711001205,0.0062731299136097,42.70804058045368,5.973045614606233,552.0238768238263,0.0341024981101768,73.98509597843213,1.309704626725311,682.9446527970932,5.543205816954292,13748.77198704845,0.8484367498668158,0.9150623812277948,0.1125103438613218,0.9369867146435448,174.7844436693408,0.0304821143476352,87.36968576305017,35987.69340774329,2121.447506103942,0.3699768932863518,0.6314484425450102,7.353877758850932,0.3241562552999039,7.758186215151617,3050.457855164226,0.1724494236624018,3.662045246613542,609.6154107072192,13.95573520266832,6029.545141048109,0.2855095300677427,1.125938987662296,0.000717154114357,0.1224992670802448
Patient 77,0.2185110699665205,0.1588641889246794,5.06645479690353,31.8917361502134,28.13816269766027,27.90110571285661,7.289581606649314,28.18533483923865,452.3826137083333,6.968697389273093,0.5858122277763205,486.4777281294238,1.07536787088611,506.697399,194.5870758056641,331.392333984375,8203345.76953914,4.676368382833422,71.02322387695312,2.419288505427674,364.4290466308594,41.92036288510335,259.6465124146551,255.8687438964844,220.6435852050781,29.8215457855835,264.7906086067205,-0.0412616832906364,35526615.08139432,0.0447804806779165,96.81742515106346,53.61396526291529,0.5446660844325882,5.771273703781088,3.565177023891288,16.65712417586049,0.2509868513869302,0.1570001110538201,0.9570777536788888,0.8616475373028207,-0.589478187917388,0.9977747445569254,0.1585944028498902,17.3615863228982,0.0114981939630149,6.55141861218355,0.9082058763441242,0.0252667134627873,34.7231726457964,4.956849595585696,5.050233897412022,0.0445122269222013,55.36366019924834,1.09769817982875,402.0551707131013,4.776654732088412,106.9193591255436,0.9408189642593208,0.9697567389875084,0.0315580741236101,0.9763894558568136,3.4,0.0425,56.02437500000001,1115.1625,44.425,0.5553125,0.7725486111111111,5.339063213848714,0.6837606837606838,5.554011997631723,41.56410256410256,0.3552487398641245,0.8517788004967494,5.239316239316239,4.042735042735043,1621.0,0.5880223171889839,0.0351857188237401,0.061057890668839,0.4216412003232434
Patient 78,0.812776491832617,0.6423767343069088,39.58961901616351,61.62990796806901,62.38876902135511,72.19998476454133,73.92728386732466,83.40122421163852,77934.13808629227,50.09134039025418,0.6527944279066121,13516.35252393522,0.173433014797306,78131.006627,88.57579040527344,260.6289978027344,601677403.1809063,5.217214294317505,89.85313415527344,3.097178425508991,575.4409790039062,52.42595879206018,170.5017150981246,165.8847503662109,550.9500274658203,37.19695989775829,182.621349356475,0.480222590999127,2605712608.7935,0.0304915684833086,2943.789715100643,25.4821460095947,0.8526271283401183,3.733989864683224,3.405443834676518,11.14394619640323,0.3425498102619115,0.2540735030333569,0.996101086144728,0.9568783529830048,-0.2004553640784519,0.928757216054191,0.2563050472742915,21.60530945426499,0.0021144947501063,9.36376016053786,0.856470950238564,0.0054467339985956,43.21061890852996,6.144337559265477,497.9595417427196,0.0304247559385657,87.55927748112589,1.340379961381904,738.8645149117602,5.698037665701337,13681.62968589401,0.8349311666185718,0.9072113519206252,0.1225937617897771,0.9307699874123831,150.7184657967576,0.0297980359424194,91.02214298322924,34067.51502570186,1602.984183471728,0.3169205582190051,0.5819562479847812,7.613747252647421,0.2803613990355302,7.952472348439493,2984.842469929605,0.165447728503387,3.840482174260053,550.0983870073721,15.48567152596863,7164.647247935259,0.2456495935560095,0.6092702419116269,0.0010087561385294,0.0777458470888849
Patient 79,0.7857352520798565,0.5827784713871611,26.22650174506619,45.00252331325905,50.92282788691139,52.56592051890655,47.60604688482336,52.79287925468737,25961.02378708329,35.36006899977322,0.6980908646696927,6073.700599700724,0.2339545870576431,26114.40441,74.16382751464843,234.3970626831055,143115930.4698773,5.00832638077772,87.81254768371582,2.850220459794117,365.3332824707031,50.04281513655025,141.4012094994287,129.110710144043,339.2730407714844,36.45087146053369,154.0583822859053,0.7324865324549727,619798886.5346298,0.0361373343344086,3294.691181689675,35.54010580931979,0.7570295237351589,4.389233764201662,3.63117506086535,15.66240164268474,0.3214327491517351,0.2336518526121642,0.9865860376468316,0.923912143070268,-0.152618157678045,0.8701342993760404,0.2317377848218633,17.1898785167056,0.0027563356099388,9.172566695535451,0.786764908645163,0.0107987063305394,34.37975703341121,5.854992548012671,194.7375369035504,0.035252071411754,77.10710686474297,1.31004803635668,485.9610467861835,5.45376681107965,4713.042244369781,0.8522657758433362,0.9160989922183952,0.1155932142123685,0.9386448348119576,65.70098268600842,0.0307444935358017,82.4682049825599,12689.0715956949,812.6733738886289,0.3802870256848988,0.6399861240492837,7.106947454656116,0.3543946932006633,7.572288513251384,1065.793366500829,0.1767484853235205,4.372723007406306,217.9081260364842,14.49419568822554,3803.935655058043,0.3065697616419753,0.6774891405556125,0.0020510473260773,0.1593814249617637
Patient 8,0.526016268,0.441238921,28.8327567,65.34499873,58.31665285,64.23523721,48.38107998,69.42345857,35164.94385,34.37253235,0.603279811,8604.096739,0.244678245,35334.56477,69.15511017,223.5549774,182299461.9,5.043557144,81.2085495,3.547523535,396.2098389,48.90828588,136.2039878,124.3813553,381.0660152,33.94137932,149.4769497,0.871167283,789492847.9,0.036092308,3814.854967,28.72322339,0.805238479,3.910060303,3.483097979,12.94948884,0.34381585,0.257770411,0.990898271,0.936945829,-0.177076166,0.900289984,0.254867428,17.41553798,0.002816301,9.128305661,0.812185901,0.009418666,34.83107596,5.929586038,262.3703885,0.035478042,78.50393966,1.349655569,509.235749,5.528953185,6180.209486,0.834694755,0.906295078,0.12864994,0.930624029,80.03035081,0.03154527,86.37925824,18051.73118,920.2991723,0.362750955,0.625039926,7.243393289,0.310944969,7.732326638,1305.765535,0.160039899,4.785717905,294.4771418,16.5940679,4183.83699,0.27185498,0.640885537,0.001684323,0.120104146
Patient 80,0.8684317155424943,0.8094549827945063,35.12945802195847,43.39890267977592,51.98141302427244,48.13332317636089,48.92715912455985,59.06360723829861,36835.89039966658,37.68898350685957,0.6976847505349483,7673.715171891013,0.2083216962758818,36988.910127,112.9629592895508,240.2478485107422,277373280.5309252,4.802285023556371,71.00619506835938,2.683640040868927,351.745849609375,39.76729732400185,173.5401989439167,170.4125518798828,293.1359252929688,29.03514865486659,180.2096115680337,0.3472086944260554,1201233502.539462,0.0402448811925742,690.2431730310072,22.84821582602437,0.7585802051801175,3.600983205858028,3.353072484563051,9.541144931140948,0.3481684748214808,0.2598482220428054,0.988212361704035,0.9266109259817508,-0.1514806681694821,0.8622671354839384,0.2581966414740043,17.16525515617171,0.0029272570820512,8.85366423095725,0.7632053857766121,0.0080270794930901,34.33051031234341,5.69321476395512,309.7551297448156,0.0400739619841655,48.43268782450659,1.348734359007999,456.633285012337,5.293584458678761,6424.359543698114,0.8303587181249027,0.9050102221861972,0.125394185712187,0.9288204787621452,90.710407239819,0.037314030127445,55.5052260150622,19856.75236528178,811.9090909090909,0.3339815264948955,0.5989389890479161,7.161375513753824,0.2846270928462709,7.573168241493153,1370.15349490692,0.16042073468059,4.339471525194541,343.7315302657768,16.3785271045545,4723.529446200679,0.2505578287104009,0.8880585138731852,0.0015666808768018,0.1101436185757444
Patient 81,0.7234038060533735,0.4874596056492047,30.55920471543505,62.69074270212795,62.72853337995397,76.88694622626132,63.65353485863923,80.08593259742936,51713.63037479177,45.35072187503211,0.6449813043805133,10407.3545388945,0.2012497375153853,51916.99503599999,64.08180389404296,199.2264541625977,226465493.7249204,4.840870595477951,72.83978462219238,2.780475703569583,314.7211303710937,41.60599307563918,127.5631717742981,124.7420043945312,296.1652107238769,30.17121588147517,137.4445906268023,0.4892939558059347,980764757.5527174,0.0392927962998033,1112.111100738464,22.25346295104318,0.7787638947253832,3.570967545848655,3.337211187046682,9.196172658802068,0.3471162548383585,0.2584098815591522,0.9884978444942248,0.9270722079483088,-0.1595142124689744,0.8742446713895765,0.2604572614905409,16.29851517641301,0.0030580193166849,8.83241834939653,0.7938849594990901,0.0077200854909669,32.597030352826,5.693704124618272,423.1498914715269,0.0389169965164199,53.85759352011678,1.341555244359475,429.8241095804191,5.327229355323674,9078.595679377751,0.8339863690640977,0.9069967403300738,0.1228510997902253,0.9304172717838528,121.293175074184,0.0359920400813602,60.09803696431244,21706.6643916914,1161.839762611276,0.344759573475156,0.6086343857807025,7.172583915168793,0.2811144477811144,7.533968529159549,1952.613613613614,0.1628806818162841,3.882429031188903,471.0420420420421,15.56573239906573,3883.44052385719,0.2511408480703949,1.434115642238802,0.0010722104493234,0.1312290061864788
Patient 82,0.3740856587250983,0.3180132140447393,30.30312719839988,95.28889322862136,83.70331713856984,101.649811116401,47.5222579429892,103.6813261875059,60547.09112024995,35.64620839261438,0.6397012187847363,11656.52595497898,0.1925199995459477,60756.049663,88.9789794921875,283.923583984375,525145164.504851,5.318451789063281,116.0334854125977,2.252357202267808,407.3710021972656,61.17891266393681,179.2767013768968,170.3970794677734,378.8285522460938,46.49690471039064,193.4756559899701,0.3652451713323741,2274270845.74389,0.027290460178866,2975.265245330813,39.23212050001061,0.8182413921271502,4.615787228495441,3.690197950466984,17.12256032455463,0.3101490859066525,0.2215761768141448,0.9877329357275004,0.92681194703564,-0.1711063308122299,0.9029694240033764,0.2240267578665226,21.82937920708154,0.0016388121366792,9.717593721272747,0.8230548616189529,0.0054312043629311,43.65875841416307,6.23550879545877,351.4485158080566,0.0271963966297848,107.3721651976718,1.283425379334505,748.1365695684642,5.737264511618792,11102.06682027355,0.8581325042640962,0.9211358888456328,0.1020734840760617,0.9413505456656088,138.2322709163347,0.027536308947477,99.6051691242996,16160.48545816733,1853.389243027888,0.3692010444278662,0.6308856716628322,7.404287792533861,0.35783020885309,7.901871557218946,2576.351058521634,0.1836446687947561,3.417654105201398,382.8578658493121,12.7230023522703,6145.865920593057,0.307288259216126,1.013479265615186,0.0010493059278239,0.1927499880459979
Patient 83,0.4306711742548295,0.3466517584863831,27.94421930247383,80.61179156998712,70.37372805244866,80.01955386029091,42.7855594798058,83.83018847646711,46892.42627704175,34.71717493423193,0.6523714323953375,9639.569950050132,0.2055677369539227,47075.21988999999,96.65493621826172,208.5941589355469,256469547.0876004,4.61370751701979,60.04172706604004,2.966982319969519,333.0558471679688,34.79249127907529,147.4194190443823,141.0996398925781,304.1676692962646,24.65873217143728,153.6042140108036,0.5359540062615089,1110704721.640984,0.0475822402246504,876.0106266388616,18.16030683532212,0.759618590847005,3.178027489007557,3.197050401706754,7.787791923943582,0.3745728753841355,0.2893060083229481,0.9909735695297088,0.9357700465006988,-0.1522301528327489,0.8546294280489545,0.2837660855004107,17.41068264650508,0.0040401022575163,8.506053200211028,0.7650507138375181,0.0110313794891912,34.82136529301015,5.502795028460086,454.377795853722,0.0469460412380553,38.56389527804541,1.418083206833069,478.6215846140043,5.173299379873379,7832.826502672729,0.8080395953256349,0.8903969995046351,0.1524509559282694,0.918063159117218,101.6599919903885,0.0407128522188179,47.34905274394953,61721.79255106128,764.3944733680416,0.3061251395146342,0.5720447262524425,7.1813554629132,0.2297148114075437,7.53467488573431,1581.015639374425,0.1454476209176104,5.154588212791634,517.2189512419503,19.97460901563937,5833.272125114995,0.208799509123408,1.054943373452318,0.0011830529429914,0.0782129415430225
Patient 84,0.7349192474984895,0.6549164494104721,30.8035149481862,47.03426670060617,52.61644039651485,53.6168425030792,45.40654578362023,54.86590653584428,33459.89266537505,34.56638789025276,0.7309942236098148,6869.41691273996,0.2053030170012639,33597.93522599999,84.30451812744141,277.4056427001953,260139648.2728947,5.325241919285592,110.5133056640625,2.708661250615381,445.3529663085938,62.93179137218506,166.7578756114078,147.760368347168,425.3503513336182,46.23745091466481,183.1168827969201,0.6575961448220244,1126599001.338894,0.0295532072573539,5854.535432111596,44.80311567477455,0.801649109944626,4.906840402335607,3.777503897892661,19.89537285154271,0.3008521355851062,0.2120823809475994,0.988931315377684,0.9305695172149644,-0.1697810950930414,0.9029465125635302,0.2137149580366107,21.74239283156483,0.001949437231045,9.694772422095292,0.8125989079990005,0.0075639920896145,43.48478566312962,6.200492680803364,207.7890708753212,0.0289443766688296,117.7365314029999,1.265966437265101,751.4155131404988,5.732228255407748,6214.941657435698,0.8649876751389715,0.925288040137228,0.0956640001681238,0.944492150198216,72.73715074163505,0.0250904279895257,123.2370170584925,15522.04311831666,1094.629527423249,0.3775886607186096,0.6367836340481093,7.381099307787376,0.3736787831915442,7.783351669362841,1492.016241299304,0.1923197011213333,3.194941980738426,229.2737819025522,11.8533127094612,5189.370843000774,0.3203792081238484,0.5217507446454062,0.0017738799420369,0.1871999658292701
Patient 85,0.8955163473384693,0.6203797094079045,24.92645379737699,40.17935051610085,43.03323483076772,45.08357239616222,45.6690978671574,47.96744104077264,21893.3696673333,35.98126521261068,0.6867964985532108,5510.586097710895,0.2517011397260212,22026.179242,80.58780670166016,169.426383972168,80016732.21257204,4.321186709085978,42.49221992492676,5.384518420047398,320.6593627929688,28.28526652390318,119.6569840708353,112.5866661071777,288.9487552642822,18.22002950641343,125.4302326333996,1.175365781871154,346532222.9793997,0.0633754553415426,1181.547933175155,18.19210975376003,0.6704451680747953,3.169835581692557,3.186993450200951,7.870697958303316,0.3740030987386418,0.2888353330358214,0.9901350732809096,0.9332373766327487,-0.1229194141964852,0.7873948734854839,0.287860104432971,13.34386690021491,0.0062808799265632,8.034052621447234,0.710376560891909,0.0178851627652268,26.68773380042983,5.127377425966372,279.4043105164689,0.0613354592530418,29.937837090997,1.398707302253283,286.2856587388809,4.869080412985923,3727.380956135922,0.8168678208605908,0.895520130675459,0.1464324611885627,0.9221614401423738,58.66614664586584,0.0457614248407689,43.17754593179047,39340.41575663027,456.98751950078,0.3564645237915601,0.619312221041486,6.714816789953598,0.2520644907589461,7.102666234738918,742.63153755407,0.14601485205546,4.798104455508394,322.3275658670861,18.61030279197798,3027.292371215101,0.2321435245509713,0.7686137717621152,0.0019067704841795,0.0665970224276036
Patient 86,0.6000375090154206,0.4470403030433857,27.74858156562354,62.07176707942263,71.73852033600916,63.90348425555527,45.46502171999921,73.24125272003477,39047.27808654174,37.24538849852215,0.6563970855192823,8479.651243623848,0.217163696399788,39214.914085,89.74364166259767,281.0514465332031,344385782.1600167,5.34560876485859,120.2746353149414,2.689958563341055,446.8756713867188,63.434369909066,179.7284088296959,172.6374359130859,419.4906883239746,48.17098450514533,195.0196530214507,0.5158031438717033,1491447692.932146,0.0278748466714089,4119.24426578656,49.05577552929022,0.7794309807925541,5.105191329409118,3.83579018457534,22.08079456793224,0.2957134519536277,0.207199191258285,0.9875811845717514,0.92715796603818,-0.1601928369886767,0.8924635059177025,0.2088456635815953,22.4028030296226,0.0018127874827072,9.74436188713189,0.7973099552475751,0.0072926597505695,44.80560605924521,6.185400454101835,229.899429542139,0.0273683516438488,117.6107892122209,1.256188707161376,791.4869274170053,5.74306959428707,7306.464059714139,0.8691950915610648,0.9276387885995836,0.0923380424753386,0.9463916050080708,91.90605892162311,0.0255436517291893,121.1462671807356,21054.0233463035,1506.410227904391,0.4186798854653672,0.672495704539464,7.27393118245875,0.3973495306460519,7.77857506009089,1771.907344008835,0.1956827547221242,3.425357754516314,252.4067366096079,11.72777471010491,5317.411374930977,0.3462445226741739,0.5349050639977393,0.0015082979788126,0.191753615342388
Patient 9,0.464356733,0.36231878,16.95938352,46.80790637,46.01683714,53.39338629,29.52055555,53.49281541,10977.36096,21.73556647,0.666148777,3585.734968,0.326648179,11095.37381,73.02653427,211.327977,56899590.01,4.854277904,78.98692894,2.337129192,284.8383179,42.75666675,139.7931969,137.8491745,254.2439327,31.87247399,149.0270161,0.275667351,246417728.7,0.037719665,689.6315059,37.93247412,0.633322187,4.650104908,3.666720292,15.31583356,0.307214679,0.218204925,0.974729202,0.895972181,-0.131215548,0.824217816,0.213777829,15.75455262,0.002605292,8.982802713,0.654253754,0.008372475,31.50910524,5.655603736,88.77869294,0.03746586,54.72697664,1.27172461,400.8679384,5.242115617,2055.648386,0.866099033,0.924998499,0.099217073,0.944723186,36.12121212,0.036486073,56.42524334,4711.983838,353.1979798,0.356765636,0.618263889,6.80463989,0.386416862,7.255240767,494.9492584,0.193188625,3.355037079,96.63778298,12.05776737,2841.804059,0.321144066,0.505434025,0.004293955,0.224834226
