ID;Image;Mask;diagnostics_Versions_PyRadiomics;diagnostics_Versions_Numpy;diagnostics_Versions_SimpleITK;diagnostics_Versions_PyWavelet;diagnostics_Versions_Python;diagnostics_Configuration_Settings;diagnostics_Configuration_EnabledImageTypes;diagnostics_Image-original_Hash;diagnostics_Image-original_Dimensionality;diagnostics_Image-original_Spacing;diagnostics_Image-original_Size;diagnostics_Image-original_Mean;diagnostics_Image-original_Minimum;diagnostics_Image-original_Maximum;diagnostics_Mask-original_Hash;diagnostics_Mask-original_Spacing;diagnostics_Mask-original_Size;diagnostics_Mask-original_BoundingBox;diagnostics_Mask-original_VoxelNum;diagnostics_Mask-original_VolumeNum;diagnostics_Mask-original_CenterOfMassIndex;diagnostics_Mask-original_CenterOfMass;diagnostics_Image-interpolated_Spacing;diagnostics_Image-interpolated_Size;diagnostics_Image-interpolated_Mean;diagnostics_Image-interpolated_Minimum;diagnostics_Image-interpolated_Maximum;diagnostics_Mask-interpolated_Spacing;diagnostics_Mask-interpolated_Size;diagnostics_Mask-interpolated_BoundingBox;diagnostics_Mask-interpolated_VoxelNum;diagnostics_Mask-interpolated_VolumeNum;diagnostics_Mask-interpolated_CenterOfMassIndex;diagnostics_Mask-interpolated_CenterOfMass;diagnostics_Mask-interpolated_Mean;diagnostics_Mask-interpolated_Minimum;diagnostics_Mask-interpolated_Maximum;diagnostics_Mask-resegmented_Spacing;diagnostics_Mask-resegmented_Size;diagnostics_Mask-resegmented_BoundingBox;diagnostics_Mask-resegmented_VoxelNum;diagnostics_Mask-resegmented_VolumeNum;diagnostics_Mask-resegmented_CenterOfMassIndex;diagnostics_Mask-resegmented_CenterOfMass;diagnostics_Mask-resegmented_Mean;diagnostics_Mask-resegmented_Minimum;diagnostics_Mask-resegmented_Maximum;original_shape_Elongation;original_shape_Flatness;original_shape_LeastAxisLength;original_shape_MajorAxisLength;original_shape_Maximum2DDiameterColumn;original_shape_Maximum2DDiameterRow;original_shape_Maximum2DDiameterSlice;original_shape_Maximum3DDiameter;original_shape_MeshVolume;original_shape_MinorAxisLength;original_shape_Sphericity;original_shape_SurfaceArea;original_shape_SurfaceVolumeRatio;original_shape_VoxelVolume;original_firstorder_10Percentile;original_firstorder_90Percentile;original_firstorder_Energy;original_firstorder_Entropy;original_firstorder_InterquartileRange;original_firstorder_Kurtosis;original_firstorder_Maximum;original_firstorder_MeanAbsoluteDeviation;original_firstorder_Mean;original_firstorder_Median;original_firstorder_Minimum;original_firstorder_Range;original_firstorder_RobustMeanAbsoluteDeviation;original_firstorder_RootMeanSquared;original_firstorder_Skewness;original_firstorder_TotalEnergy;original_firstorder_Uniformity;original_firstorder_Variance;original_glcm_Autocorrelation;original_glcm_ClusterProminence;original_glcm_ClusterShade;original_glcm_ClusterTendency;original_glcm_Contrast;original_glcm_Correlation;original_glcm_DifferenceAverage;original_glcm_DifferenceEntropy;original_glcm_DifferenceVariance;original_glcm_Id;original_glcm_Idm;original_glcm_Idmn;original_glcm_Idn;original_glcm_Imc1;original_glcm_Imc2;original_glcm_InverseVariance;original_glcm_JointAverage;original_glcm_JointEnergy;original_glcm_JointEntropy;original_glcm_MCC;original_glcm_MaximumProbability;original_glcm_SumAverage;original_glcm_SumEntropy;original_glcm_SumSquares;original_glrlm_GrayLevelNonUniformity;original_glrlm_GrayLevelNonUniformityNormalized;original_glrlm_GrayLevelVariance;original_glrlm_HighGrayLevelRunEmphasis;original_glrlm_LongRunEmphasis;original_glrlm_LongRunHighGrayLevelEmphasis;original_glrlm_LongRunLowGrayLevelEmphasis;original_glrlm_LowGrayLevelRunEmphasis;original_glrlm_RunEntropy;original_glrlm_RunLengthNonUniformity;original_glrlm_RunLengthNonUniformityNormalized;original_glrlm_RunPercentage;original_glrlm_RunVariance;original_glrlm_ShortRunEmphasis;original_glrlm_ShortRunHighGrayLevelEmphasis;original_glrlm_ShortRunLowGrayLevelEmphasis;original_glszm_GrayLevelNonUniformity;original_glszm_GrayLevelNonUniformityNormalized;original_glszm_GrayLevelVariance;original_glszm_HighGrayLevelZoneEmphasis;original_glszm_LargeAreaEmphasis;original_glszm_LargeAreaHighGrayLevelEmphasis;original_glszm_LargeAreaLowGrayLevelEmphasis;original_glszm_LowGrayLevelZoneEmphasis;original_glszm_SizeZoneNonUniformity;original_glszm_SizeZoneNonUniformityNormalized;original_glszm_SmallAreaEmphasis;original_glszm_SmallAreaHighGrayLevelEmphasis;original_glszm_SmallAreaLowGrayLevelEmphasis;original_glszm_ZoneEntropy;original_glszm_ZonePercentage;original_glszm_ZoneVariance;original_gldm_DependenceEntropy;original_gldm_DependenceNonUniformity;original_gldm_DependenceNonUniformityNormalized;original_gldm_DependenceVariance;original_gldm_GrayLevelNonUniformity;original_gldm_GrayLevelVariance;original_gldm_HighGrayLevelEmphasis;original_gldm_LargeDependenceEmphasis;original_gldm_LargeDependenceHighGrayLevelEmphasis;original_gldm_LargeDependenceLowGrayLevelEmphasis;original_gldm_LowGrayLevelEmphasis;original_gldm_SmallDependenceEmphasis;original_gldm_SmallDependenceHighGrayLevelEmphasis;original_gldm_SmallDependenceLowGrayLevelEmphasis;original_ngtdm_Busyness;original_ngtdm_Coarseness;original_ngtdm_Complexity;original_ngtdm_Contrast;original_ngtdm_Strength
Patient12_IRM_simu_gie;Data/NFcorr/Patient12_IRM_simu_gie_NFc.nii;Data/Patient12/mask_dir/Patient12_IRM_simu_gie_gtv.nii;v3.0.1;1.21.5;2.1.1;1.3.0;3.7.0;{'minimumROIDimensions': 2. 'minimumROISize': None. 'normalize': False. 'normalizeScale': 1. 'removeOutliers': None. 'resampledPixelSpacing': [1.63. 1.63. 1.63]. 'interpolator': 'sitkBSpline'. 'preCrop': False. 'padDistance': 5. 'distances': [1]. 'force2D': False. 'force2Ddimension': 0. 'resegmentRange': [0]. 'label': 1. 'additionalInfo': True. 'binWidth': 7. 'weightingNorm': None};{'Original': {}};3c826a09c5795346a24cf3aef345d12a26c10893;3D;(1.269531011581421. 1.269531011581421. 0.8202999830245972);(512. 512. 156);50.74856112;0;2310.301514;fe48c24c7afdb292f5dd374ad1bca7a92ed3b930;(1.269531011581421. 1.269531011581421. 0.8202999830245972);(512. 512. 156);(197. 226. 63. 27. 31. 20);6988;1;(209.9775329135661. 241.94089868345736. 72.83929593589009);(-267.8425207807121. -308.4210048601091. 60.57037320275885);(1.63. 1.63. 1.63);(33. 36. 22);504.1827756;-19.20005226;1548.479736;(1.63. 1.63. 1.63);(33. 36. 22);(5. 6. 6. 21. 24. 10);2113;1;(15.443445338381448. 18.225745385707526. 10.393752957879792);(-267.8625814073525. -308.25773048449395. 60.54696731285635);531.6093049;28.22164726;1450.511841;(1.63. 1.63. 1.63);(33. 36. 22);(5. 6. 6. 21. 24. 10);2113;1;(15.443445338381448. 18.225745385707526. 10.393752957879792);(-267.8625814073525. -308.25773048449395. 60.54696731285635);531.6093049;28.22164726;1450.511841;0.859031771;0.451952068;14.86379506;32.88798992;34.84542007;37.6314722;38.88156504;39.99317192;9060.28362;28.25182823;0.697893547;3011.545788;0.332389792;9150.868411;370.5516479;721.9307983;647619277;6.305739789;175.0447998;6.297438084;1450.511841;113.9205981;531.6093049;511.9134827;28.22164726;1422.290194;73.53425697;553.6179148;1.001414618;2804675241;0.015679871;23884.34243;5386.80682;9235493.672;37989.47255;1292.842994;443.5528635;0.481362972;14.91786182;5.276981231;214.6122557;0.148145208;0.076660484;0.990040742;0.935614796;-0.252517908;0.977844948;0.081327719;71.93362457;0.000633714;10.8819741;0.895338774;0.002309008;143.8672491;7.00877649;434.0989643;32.28985474;0.015609261;490.6274915;5748.310181;1.06538745;6084.955612;0.000887435;0.00086782;6.428938538;1983.650506;0.958848268;0.978994503;0.021886644;0.984149644;5667.187002;0.000863013;23.58432602;0.014786411;539.094637;5930.42884;2.354231975;12846.98746;0.001426412;0.001034234;1019.731034;0.639329802;0.827451541;5035.837627;0.000976929;7.254676079;0.754850923;0.59922996;7.517013917;946.9261713;0.448143006;0.599976841;33.13156649;487.2133062;5735.403218;2.990534785;15921.21959;0.001437481;0.0008559;0.677537072;4073.05075;0.000754142;0.022844767;0.003756521;95150.41997;0.485624132;39.30562953
Patient12_IRM_simu_gie;Data/NFcorr/Patient12_IRM_simu_gie_NFc.nii;Data/Patient12/mask_dir/Patient12_IRM_simu_gie_ptv.nii;v3.0.1;1.21.5;2.1.1;1.3.0;3.7.0;{'minimumROIDimensions': 2. 'minimumROISize': None. 'normalize': False. 'normalizeScale': 1. 'removeOutliers': None. 'resampledPixelSpacing': [1.63. 1.63. 1.63]. 'interpolator': 'sitkBSpline'. 'preCrop': False. 'padDistance': 5. 'distances': [1]. 'force2D': False. 'force2Ddimension': 0. 'resegmentRange': [0]. 'label': 1. 'additionalInfo': True. 'binWidth': 7. 'weightingNorm': None};{'Original': {}};3c826a09c5795346a24cf3aef345d12a26c10893;3D;(1.269531011581421. 1.269531011581421. 0.8202999830245972);(512. 512. 156);50.74856112;0;2310.301514;39983c4442dccb6cb4d7a2a91d16e59d7f075251;(1.269531011581421. 1.269531011581421. 0.8202999830245972);(512. 512. 156);(195. 224. 62. 32. 36. 22);11628;1;(210.1652906776746. 242.16503267973857. 72.87917096663227);(-268.080885084913. -308.7055499191378. 60.60308268979976);(1.63. 1.63. 1.63);(37. 40. 24);473.5443415;-27.66450882;1548.479736;(1.63. 1.63. 1.63);(37. 40. 24);(6. 5. 6. 25. 28. 11);3508;1;(17.55387685290764. 19.431584948688712. 11.380273660205246);(-268.0425847760302. -308.5932489721533. 60.52499605764684);536.0248503;-2.241014719;1532.10022;(1.63. 1.63. 1.63);(37. 40. 24);(6. 5. 6. 25. 28. 11);3507;1;(17.55631593954947. 19.431708012546334. 11.3812375249501);(-268.0465604872564. -308.5934495662412. 60.52656715718095);536.1783336;0.780957818;1532.10022;0.886836719;0.45757393;17.47138091;38.18264055;41.55700904;45.75628044;45.40654578;47.82876645;15084.17225;33.86176769;0.698577287;4226.205903;0.280174864;15192.26048;352.2472046;742.4769287;1116140054;6.538289511;199.1446533;5.848825846;1532.10022;128.9848963;536.1783336;523.8792725;0.780957818;1531.319262;82.57845523;564.145936;0.567865131;4833720192;0.013498686;30773.43165;6266.128602;17176660.91;41273.23754;1774.449673;521.3516633;0.540860472;16.16687609;5.411745354;251.1964897;0.142192161;0.072704704;0.989800687;0.935116322;-0.230926279;0.973928295;0.077023291;77.15463539;0.000439371;11.45960485;0.768374476;0.001798637;154.3092708;7.280545674;573.9503342;46.14038008;0.013432611;632.1165823;6583.37103;1.064034552;6969.616299;0.001228031;0.001137249;6.666911051;3297.166467;0.959837159;0.979447698;0.021529432;0.984540429;6490.293081;0.001114652;33.64814119;0.012635427;699.4704328;6730.512204;2.328576793;14758.56327;0.002588135;0.001016607;1730.951183;0.650000444;0.833683536;5710.642212;0.000670654;7.51426172;0.759338466;0.594256927;7.771021959;1591.91075;0.453923795;0.588711046;47.33989165;627.4067489;6571.917879;2.9429712;18205.20445;0.003546806;0.001143421;0.685033425;4655.149941;0.00059904;0.025188906;0.002538785;137417.2817;0.457713246;35.01203452
Patient12_IRM_simu_mridian;Data/NFcorr/Patient12_IRM_simu_mridian_NFc.nii;Data/Patient12/mask_dir/Patient12_IRM_simu_mridian_gtv.nii;v3.0.1;1.21.5;2.1.1;1.3.0;3.7.0;{'minimumROIDimensions': 2. 'minimumROISize': None. 'normalize': False. 'normalizeScale': 1. 'removeOutliers': None. 'resampledPixelSpacing': [1.63. 1.63. 1.63]. 'interpolator': 'sitkBSpline'. 'preCrop': False. 'padDistance': 5. 'distances': [1]. 'force2D': False. 'force2Ddimension': 0. 'resegmentRange': [0]. 'label': 1. 'additionalInfo': True. 'binWidth': 7. 'weightingNorm': None};{'Original': {}};3a102f5fc4df1bd265a6c1615855dc3e30866289;3D;(1.6304397583007812. 1.6304397583007812. 3.000000238418579);(276. 276. 80);51.72628344;0;1365.996582;2502fc6b22d5ca11fecc9151448d9001bd268e35;(1.6304397583007812. 1.6304397583007812. 3.000000238418579);(276. 276. 80);(120. 126. 24. 22. 24. 16);3707;1;(129.6854599406528. 137.95090369571082. 31.02994335041813);(-213.0747697190644. -226.5510778373099. 96.08983768778798);(1.63. 1.63. 1.63);(34. 36. 41);152.3851128;18.3453598;327.822113;(1.63. 1.63. 1.63);(34. 36. 41);(6. 6. 6. 22. 24. 30);6879;1;(15.698648059310946. 18.015554586422446. 19.58264282599215);(-213.03901621582722. -226.59557385501898. 96.17470792557648);105.9539268;18.3453598;291.8991699;(1.63. 1.63. 1.63);(34. 36. 41);(6. 6. 6. 22. 24. 30);6879;1;(15.698648059310946. 18.015554586422446. 19.58264282599215);(-213.03901621582722. -226.59557385501898. 96.17470792557648);105.9539268;18.3453598;291.8991699;0.670670662;0.593018608;28.77033706;48.51506629;52.66691181;53.96260186;39.69309386;54.86590654;29645.58725;32.53763161;0.728816765;6355.832967;0.214393897;29791.20861;60.50291443;165.1764984;90005939.16;4.476056833;57.07975769;4.218737877;291.8991699;34.19731755;105.9539268;95.08673096;18.3453598;273.5538101;23.83408654;114.3860147;1.076141747;389792951;0.055129663;1857.925768;206.7840061;78189.33027;1744.220902;129.3532233;18.03528326;0.754671951;3.1285916;3.179018964;7.974471102;0.379404666;0.295542431;0.989257249;0.931227994;-0.150878217;0.84487184;0.294374631;13.37718868;0.005702081;8.203636777;0.769851004;0.017406246;26.75437735;5.317587534;36.84712665;325.8665943;0.053203899;38.84938601;230.4922082;1.416047068;300.17787;0.014424023;0.009821854;5.044597169;4950.313522;0.806985339;0.890256858;0.149865487;0.91752149;216.0430533;0.008917625;68.67453416;0.04265499;45.20942711;323.4981366;547.273913;52709.72484;6.546715886;0.008644513;566.7242236;0.352002623;0.615172934;204.048257;0.00560673;6.849518055;0.234045646;529.0181972;7.289949867;961.93909;0.139837053;4.871202442;379.236953;37.97593033;223.8885012;19.71929059;3075.038668;0.225145357;0.009954987;0.217824826;65.58135674;0.001979677;1.131466839;0.001643977;1412.483926;0.093173638;1.326928622
Patient12_IRM_simu_mridian;Data/NFcorr/Patient12_IRM_simu_mridian_NFc.nii;Data/Patient12/mask_dir/Patient12_IRM_simu_mridian_ptv.nii;v3.0.1;1.21.5;2.1.1;1.3.0;3.7.0;{'minimumROIDimensions': 2. 'minimumROISize': None. 'normalize': False. 'normalizeScale': 1. 'removeOutliers': None. 'resampledPixelSpacing': [1.63. 1.63. 1.63]. 'interpolator': 'sitkBSpline'. 'preCrop': False. 'padDistance': 5. 'distances': [1]. 'force2D': False. 'force2Ddimension': 0. 'resegmentRange': [0]. 'label': 1. 'additionalInfo': True. 'binWidth': 7. 'weightingNorm': None};{'Original': {}};3a102f5fc4df1bd265a6c1615855dc3e30866289;3D;(1.6304397583007812. 1.6304397583007812. 3.000000238418579);(276. 276. 80);51.72628344;0;1365.996582;6c682637936f6e51b4edf307393d62af0637fb00;(1.6304397583007812. 1.6304397583007812. 3.000000238418579);(276. 276. 80);(117. 124. 23. 27. 28. 18);6034;1;(129.76665561816372. 138.03563142194233. 31.043089161418628);(-213.20715437988036. -226.68922129078814. 96.12927512392368);(1.63. 1.63. 1.63);(39. 40. 45);155.8690698;10.48252964;338.3494873;(1.63. 1.63. 1.63);(39. 40. 45);(6. 6. 6. 27. 28. 33);11181;1;(18.780788838207673. 20.074411948841785. 21.432072265450316);(-213.1729056854289. -226.6915113557625. 95.92927791189331);118.7602004;18.3453598;303.0185852;(1.63. 1.63. 1.63);(39. 40. 45);(6. 6. 6. 27. 28. 33);11181;1;(18.780788838207673. 20.074411948841785. 21.432072265450316);(-213.1729056854289. -226.6915113557625. 95.92927791189331);118.7602004;18.3453598;303.0185852;0.701914752;0.637342045;34.7721382;54.55804846;59.08609481;59.77901388;46.13216774;60.66140865;48265.45352;38.29509904;0.758846415;8448.011548;0.175032263;48422.08221;64.58932495;184.8022308;183015311.2;4.683409983;71.1333313;2.937679528;303.0185852;39.36836302;118.7602004;110.1670303;18.3453598;284.6732254;29.15275815;127.9391287;0.661370349;792593009.8;0.044910721;2264.435453;261.3997743;78836.2893;1461.791812;158.7386682;19.78554553;0.777789825;3.296089393;3.241639727;8.562936142;0.369621174;0.28463869;0.989280615;0.930950259;-0.160015295;0.864353217;0.282361729;15.05492594;0.004157994;8.545787587;0.784914921;0.013849371;30.10985189;5.544414825;44.63105344;437.2053853;0.043842578;46.70708535;292.9361268;1.410951508;383.5243406;0.011964093;0.008036557;5.237264409;8090.77007;0.809913808;0.891828858;0.14876354;0.918865726;274.2357678;0.007275012;105.9077213;0.039889914;49.19624147;392.834275;543.2094162;58643.73597;6.239799116;0.006619423;888.9457627;0.334819496;0.599342624;241.7894204;0.00413886;7.063375587;0.237456399;525.4743733;7.514985658;1603.089974;0.143376261;4.868232448;502.1467668;46.26055242;285.4954834;19.4030051;3972.056077;0.19407086;0.008194908;0.217876942;80.37703827;0.001534454;1.558939706;0.00113746;1457.395791;0.111757958;0.80759044
Patient12_mridian_ttt_1;Data/NFcorr/Patient12_mridian_ttt_1_NFc.nii;Data/Patient12/mask_dir/Patient12_mridian_ttt_1_gtv.nii;v3.0.1;1.21.5;2.1.1;1.3.0;3.7.0;{'minimumROIDimensions': 2. 'minimumROISize': None. 'normalize': False. 'normalizeScale': 1. 'removeOutliers': None. 'resampledPixelSpacing': [1.63. 1.63. 1.63]. 'interpolator': 'sitkBSpline'. 'preCrop': False. 'padDistance': 5. 'distances': [1]. 'force2D': False. 'force2Ddimension': 0. 'resegmentRange': [0]. 'label': 1. 'additionalInfo': True. 'binWidth': 7. 'weightingNorm': None};{'Original': {}};58bb25ace9056c7f72a67b87bc5571e582ea52e0;3D;(1.6304397583007812. 1.6304397583007812. 3.000000238418579);(276. 276. 80);50.57826417;0;1232.418945;e0a2b2633b53c4e6b736ff78cd003e75c4ca2e35;(1.6304397583007812. 1.6304397583007812. 3.000000238418579);(276. 276. 80);(129. 128. 20. 21. 24. 17);3569;1;(138.5954048753152. 140.10170916223032. 28.02157467077613);(-227.60189818480865. -230.05783658229393. 87.06473093161098);(1.63. 1.63. 1.63);(33. 36. 44);152.7807525;15.73661327;322.559845;(1.63. 1.63. 1.63);(33. 36. 44);(6. 6. 7. 21. 24. 31);6529;1;(15.574973196507887. 18.035380609587992. 22.005207535610353);(-227.50742618945822. -229.8878902727788. 87.08348840225418);104.9897336;19.37706757;288.2487793;(1.63. 1.63. 1.63);(33. 36. 44);(6. 6. 7. 21. 24. 31);6529;1;(15.574973196507887. 18.035380609587992. 22.005207535610353);(-227.50742618945822. -229.8878902727788. 87.08348840225418);104.9897336;19.37706757;288.2487793;0.685427763;0.596022127;28.10224535;47.14966792;51.80221038;52.49004953;39.18785781;53.1189966;28132.71296;32.31769139;0.733029347;6102.444509;0.216916318;28275.44716;64.20454407;162.9213287;82688466.98;4.341085871;50.06687927;4.35466622;288.2487793;31.84646438;104.9897336;93.39361572;19.37706757;268.8717117;21.48888824;112.5379853;1.177470941;358102830.3;0.063154242;1641.953977;199.3933842;60123.72622;1508.44425;112.1302302;14.37006109;0.771789806;2.717877182;3.015097579;6.764193272;0.416573883;0.340177497;0.9913944;0.93965534;-0.168414146;0.860149533;0.330775042;13.22680045;0.008097825;7.841958699;0.78132508;0.025691148;26.4536009;5.177212441;31.62507283;336.7762634;0.059538774;35.01386221;224.7808956;1.543718988;308.1979105;0.014768248;0.009173827;5.018745398;4383.501832;0.77360269;0.866182829;0.204922344;0.900986932;208.5296006;0.008172433;54.58846454;0.042547517;45.12018852;334.9688231;1141.023383;117195.4357;12.30981307;0.008000383;434.3281372;0.338525438;0.601736944;203.4618605;0.004543348;6.83088816;0.196507888;1115.126945;7.356627731;771.0493184;0.118096082;7.52847877;412.3340481;33.59905593;215.8097718;27.59212743;3882.806555;0.290839811;0.009312984;0.18600446;56.58128309;0.001491302;0.965982412;0.001794194;1233.007453;0.070644929;1.612820152
Patient12_mridian_ttt_1;Data/NFcorr/Patient12_mridian_ttt_1_NFc.nii;Data/Patient12/mask_dir/Patient12_mridian_ttt_1_ptv.nii;v3.0.1;1.21.5;2.1.1;1.3.0;3.7.0;{'minimumROIDimensions': 2. 'minimumROISize': None. 'normalize': False. 'normalizeScale': 1. 'removeOutliers': None. 'resampledPixelSpacing': [1.63. 1.63. 1.63]. 'interpolator': 'sitkBSpline'. 'preCrop': False. 'padDistance': 5. 'distances': [1]. 'force2D': False. 'force2Ddimension': 0. 'resegmentRange': [0]. 'label': 1. 'additionalInfo': True. 'binWidth': 7. 'weightingNorm': None};{'Original': {}};58bb25ace9056c7f72a67b87bc5571e582ea52e0;3D;(1.6304397583007812. 1.6304397583007812. 3.000000238418579);(276. 276. 80);50.57826417;0;1232.418945;f7a7f59c0c20e07367dee18b69cd66b2c15cfd98;(1.6304397583007812. 1.6304397583007812. 3.000000238418579);(276. 276. 80);(126. 126. 20. 26. 28. 18);5857;1;(138.67730920266348. 140.18900460986853. 28.042854703773262);(-227.73543825649412. -230.20016655084194. 87.12857103567593);(1.63. 1.63. 1.63);(38. 40. 46);156.6682159;15.73661327;322.559845;(1.63. 1.63. 1.63);(38. 40. 46);(6. 6. 7. 26. 28. 33);10700;1;(18.66626168224299. 20.154205607476637. 22.03336448598131);(-227.65622642120644. -230.0815750193373. 87.12938423135883);115.3817017;15.73661327;288.2487793;(1.63. 1.63. 1.63);(38. 40. 46);(6. 6. 7. 26. 28. 33);10700;1;(18.66626168224299. 20.154205607476637. 22.03336448598131);(-227.65622642120644. -230.0815750193373. 87.12938423135883);115.3817017;15.73661327;288.2487793;0.706134413;0.635171277;34.07689186;53.64992577;58.43044155;59.77901388;45.40654578;60.13352559;46186.87541;37.88405886;0.768011929;8105.787497;0.175499802;46338.9929;66.03640366;180.9986923;164503602.6;4.57766612;65.5033474;3.038258296;288.2487793;37.43770625;115.3817017;103.209198;15.73661327;272.512166;27.22727101;123.9926146;0.780400946;712423483.4;0.05022685;2061.231386;247.5125764;67860.70216;1472.462222;146.3603137;15.7378277;0.80524157;2.884005891;3.084051382;7.138277275;0.402300228;0.32308032;0.990577457;0.936210295;-0.181309725;0.885150402;0.314459958;14.65780348;0.00567409;8.248352824;0.812480171;0.020087756;29.31560696;5.450157294;40.52453535;448.7389483;0.048130624;43.03434623;276.4329732;1.517480651;377.8352553;0.013132789;0.008199424;5.222209723;7289.074488;0.780297356;0.871214953;0.193636821;0.904339246;256.4040268;0.007312408;87.57276995;0.041113977;47.02415394;385.2732394;1146.496714;124735.184;12.21162612;0.007190025;730.7117371;0.343057154;0.607050362;234.4108015;0.004148249;6.979890509;0.199065421;1121.261421;7.601480306;1313.461869;0.122753446;6.943469438;537.4272897;42.17531749;266.7549533;25.85214953;4611.91271;0.256821086;0.008357437;0.190071737;67.56571728;0.001357526;1.444186576;0.001253165;1211.941791;0.093402928;0.890876617
Patient12_mridian_ttt_2;Data/NFcorr/Patient12_mridian_ttt_2_NFc.nii;Data/Patient12/mask_dir/Patient12_mridian_ttt_2_gtv.nii;v3.0.1;1.21.5;2.1.1;1.3.0;3.7.0;{'minimumROIDimensions': 2. 'minimumROISize': None. 'normalize': False. 'normalizeScale': 1. 'removeOutliers': None. 'resampledPixelSpacing': [1.63. 1.63. 1.63]. 'interpolator': 'sitkBSpline'. 'preCrop': False. 'padDistance': 5. 'distances': [1]. 'force2D': False. 'force2Ddimension': 0. 'resegmentRange': [0]. 'label': 1. 'additionalInfo': True. 'binWidth': 7. 'weightingNorm': None};{'Original': {}};40c80b00ee9b859e0bbb78d97820277a51569ac9;3D;(1.6304206848144531. 1.6304397583007812. 3.000000238418579);(276. 276. 80);48.89432533;0;848.6767578;274694d18df97f0f2a5ebeb9b5c7a2f4a0726821;(1.6304206848144531. 1.6304397583007812. 3.000000238418579);(276. 276. 80);(121. 139. 27. 21. 24. 17);3569;1;(130.5954048753152. 151.10170916223032. 35.021574670776126);(-214.55587013524664. -247.99267392360252. 108.06473260054102);(1.63. 1.63. 1.63);(33. 36. 44);140.1938862;7.697345734;316.2696838;(1.63. 1.63. 1.63);(33. 36. 44);(6. 6. 7. 21. 24. 31);6476;1;(15.603767757875232. 18.092649783817173. 21.948888202594194);(-214.5143517877438. -247.91123902677234. 108.18168788943782);94.94551699;25.04140091;283.0223694;(1.63. 1.63. 1.63);(33. 36. 44);(6. 6. 7. 21. 24. 31);6476;1;(15.603767757875232. 18.092649783817173. 21.948888202594194);(-214.5143517877438. -247.91123902677234. 108.18168788943782);94.94551699;25.04140091;283.0223694;0.681929155;0.595701029;28.04098758;47.07224968;51.80221038;52.49004953;39.18785781;53.1189966;27903.18337;32.09993943;0.732114931;6076.787213;0.217781145;28045.91757;55.05117798;149.9114685;68386376.25;4.295843776;48.54106903;5.044263329;283.0223694;30.56827824;94.94551699;84.28704071;25.04140091;257.9809685;20.65263672;102.7617226;1.291463042;296164093.8;0.063694914;1545.320429;138.4951142;63969.52277;1546.89546;105.3335356;14.60370734;0.755894405;2.732485172;3.024796618;6.945935139;0.415004342;0.338046636;0.990372763;0.936560325;-0.156604159;0.843614593;0.329048296;10.76133372;0.007976765;7.808049723;0.78394408;0.026179842;21.52266743;5.118742035;29.98431074;338.9036326;0.060298323;32.90633185;161.5177742;1.529758819;215.1058012;0.027508043;0.017178536;4.964932393;4355.168091;0.773750767;0.867653347;0.196238416;0.901205168;150.7013994;0.015288277;60.7759522;0.045389061;41.81680955;247.4682599;1013.114264;63128.09485;19.39617061;0.01658838;481.7289022;0.359767664;0.622085114;157.5254204;0.010764067;6.678706331;0.206763434;989.7230631;7.298949922;759.84126;0.117331881;7.382715713;412.4882644;31.60688229;153.9729771;27.10531192;2469.391445;0.547257094;0.017462994;0.194847631;44.62698468;0.003230481;1.33341417;0.001741902;1222.000665;0.076870853;1.531049767
Patient12_mridian_ttt_2;Data/NFcorr/Patient12_mridian_ttt_2_NFc.nii;Data/Patient12/mask_dir/Patient12_mridian_ttt_2_ptv.nii;v3.0.1;1.21.5;2.1.1;1.3.0;3.7.0;{'minimumROIDimensions': 2. 'minimumROISize': None. 'normalize': False. 'normalizeScale': 1. 'removeOutliers': None. 'resampledPixelSpacing': [1.63. 1.63. 1.63]. 'interpolator': 'sitkBSpline'. 'preCrop': False. 'padDistance': 5. 'distances': [1]. 'force2D': False. 'force2Ddimension': 0. 'resegmentRange': [0]. 'label': 1. 'additionalInfo': True. 'binWidth': 7. 'weightingNorm': None};{'Original': {}};40c80b00ee9b859e0bbb78d97820277a51569ac9;3D;(1.6304206848144531. 1.6304397583007812. 3.000000238418579);(276. 276. 80);48.89432533;0;848.6767578;4c750bf71a5bcbc3401a120153edc78e9929094a;(1.6304206848144531. 1.6304397583007812. 3.000000238418579);(276. 276. 80);(118. 137. 28. 26. 27. 17);4394;2;(129.8848429676832. 149.94902139280836. 36.56577150659991);(-213.3973553032022. -246.11328595542992. 112.69732347617759);(1.63. 1.63. 1.63);(38. 39. 43);143.3776411;7.697345734;332.3980103;(1.63. 1.63. 1.63);(38. 39. 43);(6. 6. 7. 26. 27. 31);8039;2;(17.92810051001368. 18.977982336111456. 22.774723224281626);(-213.4130141737295. -246.09433108701205. 112.78779897478833);113.7775949;25.04140091;283.0223694;(1.63. 1.63. 1.63);(38. 39. 43);(6. 6. 7. 26. 27. 31);8039;2;(17.92810051001368. 18.977982336111456. 22.774723224281626);(-213.4130141737295. -246.09433108701205. 112.78779897478833);113.7775949;25.04140091;283.0223694;0.799136935;0.655071258;30.8034335;47.0230271;54.79322038;52.18546254;44.49034165;57.16631001;34585.16509;37.57783777;0.675866842;7595.380803;0.219613837;34814.87513;64.12806091;170.2953491;118788668.3;4.552012537;63.9706192;3.125455044;283.0223694;35.12107813;113.7775949;108.4583359;25.04140091;257.9809685;25.88202252;121.5588247;0.647745752;514443669;0.048737944;1831.206762;209.8559265;56605.6411;1070.494324;129.650915;16.95080789;0.768355996;3.027287968;3.137651581;7.504417123;0.387712134;0.305497264;0.988829339;0.930139581;-0.163246327;0.864396781;0.302296535;13.47862906;0.004777298;8.305935223;0.780825318;0.01568331;26.95725813;5.416016561;36.65043073;339.423172;0.047705039;37.95861316;233.0474065;1.443171714;310.133522;0.016596021;0.011032174;5.132505018;5696.53176;0.799383099;0.885002918;0.161905228;0.913879901;217.2471361;0.00996955;79.09215579;0.043385714;41.89160748;298.840373;439.5518376;39538.01755;6.696478661;0.011058551;579.2984092;0.317772029;0.583732938;178.2494869;0.00686539;6.995297229;0.226769499;420.105818;7.465948331;1105.16196;0.137475054;5.665404137;391.8043289;37.49213098;226.6906332;21.58489862;3435.177012;0.285622517;0.011197077;0.206485577;58.94345378;0.002277221;1.256152168;0.001613469;1145.300337;0.094526305;1.017426868
Patient12_mridian_ttt_3;Data/NFcorr/Patient12_mridian_ttt_3_NFc.nii;Data/Patient12/mask_dir/Patient12_mridian_ttt_3_gtv.nii;v3.0.1;1.21.5;2.1.1;1.3.0;3.7.0;{'minimumROIDimensions': 2. 'minimumROISize': None. 'normalize': False. 'normalizeScale': 1. 'removeOutliers': None. 'resampledPixelSpacing': [1.63. 1.63. 1.63]. 'interpolator': 'sitkBSpline'. 'preCrop': False. 'padDistance': 5. 'distances': [1]. 'force2D': False. 'force2Ddimension': 0. 'resegmentRange': [0]. 'label': 1. 'additionalInfo': True. 'binWidth': 7. 'weightingNorm': None};{'Original': {}};e0c4d73d7190f073054d0f74d014e41145560c23;3D;(1.6304397583007812. 1.6304397583007812. 3.000000238418579);(276. 276. 80);49.37338906;0;977.6827393;0e1b93d54a65856199cf07c987c76effe5184f6b;(1.6304397583007812. 1.6304397583007812. 3.000000238418579);(276. 276. 80);(128. 124. 19. 22. 24. 17);3772;1;(137.601802757158. 135.96553552492045. 27.03154825026511);(-225.98188978743323. -223.31405463678837. 84.09465143403723);(1.63. 1.63. 1.63);(34. 36. 43);155.4315197;15.251441;343.8551025;(1.63. 1.63. 1.63);(34. 36. 43);(6. 6. 6. 22. 24. 31);6885;1;(15.576470588235294. 17.902541757443718. 21.14001452432825);(-225.8798669379739. -223.15136294378365. 84.04322379386433);115.8032551;31.31814384;326.9180603;(1.63. 1.63. 1.63);(34. 36. 43);(6. 6. 6. 22. 24. 31);6885;1;(15.576470588235294. 17.902541757443718. 21.14001452432825);(-225.8798669379739. -223.15136294378365. 84.04322379386433);115.8032551;31.31814384;326.9180603;0.697223175;0.612711066;28.90444157;47.1746687;51.80221038;52.49004953;40.88019202;53.1189966;29672.65441;32.89127227;0.740278478;6261.233978;0.211010242;29817.1931;66.23687592;180.5933502;107134694.7;4.595310659;62.00749207;3.93915161;326.9180603;37.03139101;115.8032551;104.4938126;31.31814384;295.5999165;25.91085383;124.7421129;1.008355174;463973257.7;0.049877514;2150.20084;197.5873381;101851.9089;2135.553522;154.6442849;15.95481681;0.812488815;2.950077625;3.100615783;6.982837085;0.392433799;0.310715941;0.991676255;0.938782575;-0.182878278;0.889279588;0.305312998;12.76359367;0.005246794;8.278224142;0.822333355;0.016451691;25.52718735;5.461632684;42.64977544;292.5904128;0.048225242;45.06341625;221.8778315;1.467810632;292.2318158;0.021018482;0.013704974;5.198747876;4829.189532;0.794373611;0.881023407;0.172765199;0.911258104;207.5777561;0.01234505;58.43069642;0.039506894;54.25036744;315.31643;518.2562542;40852.9405;9.129224695;0.012298678;449.1352265;0.303674933;0.567220491;181.2253502;0.006891588;7.106786723;0.214814815;496.585624;7.520152126;928.0756718;0.134796757;6.057944707;343.4066812;43.89402063;213.8697168;22.81379811;3064.068119;0.371817976;0.013919503;0.195779573;56.98196545;0.002432112;0.985346866;0.001878427;1604.507641;0.085640208;1.972532565
Patient12_mridian_ttt_3;Data/NFcorr/Patient12_mridian_ttt_3_NFc.nii;Data/Patient12/mask_dir/Patient12_mridian_ttt_3_ptv.nii;v3.0.1;1.21.5;2.1.1;1.3.0;3.7.0;{'minimumROIDimensions': 2. 'minimumROISize': None. 'normalize': False. 'normalizeScale': 1. 'removeOutliers': None. 'resampledPixelSpacing': [1.63. 1.63. 1.63]. 'interpolator': 'sitkBSpline'. 'preCrop': False. 'padDistance': 5. 'distances': [1]. 'force2D': False. 'force2Ddimension': 0. 'resegmentRange': [0]. 'label': 1. 'additionalInfo': True. 'binWidth': 7. 'weightingNorm': None};{'Original': {}};e0c4d73d7190f073054d0f74d014e41145560c23;3D;(1.6304397583007812. 1.6304397583007812. 3.000000238418579);(276. 276. 80);49.37338906;0;977.6827393;e5603965854dcf1ae3bca4e9fd11cf9d47779848;(1.6304397583007812. 1.6304397583007812. 3.000000238418579);(276. 276. 80);(125. 122. 19. 27. 27. 18);4700;2;(136.75914893617022. 135.79255319148936. 28.539787234042553);(-224.6079934952107. -223.0320173628787. 88.61936874496176);(1.63. 1.63. 1.63);(39. 39. 45);157.4042826;15.251441;343.8551025;(1.63. 1.63. 1.63);(39. 39. 45);(6. 6. 6. 27. 27. 33);8698;2;(17.69130834674638. 19.772936307197057. 23.730972637387904);(-224.43705248434696. -222.9401060598816. 88.26648551815157);135.6941649;31.31814384;326.9180603;(1.63. 1.63. 1.63);(39. 39. 45);(6. 6. 6. 27. 27. 33);8698;2;(17.69130834674638. 19.772936307197057. 23.730972637387904);(-224.43705248434696. -222.9401060598816. 88.26648551815157);135.6941649;31.31814384;326.9180603;0.783324258;0.716008426;33.62847759;46.96659477;57.23598256;55.70690442;45.66909787;60.66140865;37484.96111;36.790073;0.702071525;7715.086654;0.205818185;37668.83741;75.35115814;203.9200836;182311778.1;4.81122823;73.83979034;2.918992063;326.9180603;41.23583912;135.6941649;130.9783249;31.31814384;295.5999165;30.1341664;144.7763628;0.563215631;789546186.2;0.04032143;2547.288834;285.1979206;104212.6241;1555.791341;186.9723616;18.43128907;0.820158252;3.206758442;3.198492426;7.798134468;0.37330505;0.288442581;0.990415774;0.933899772;-0.187676862;0.902270245;0.284843971;15.59019559;0.003482369;8.687284489;0.825130869;0.010186397;31.18039118;5.712994278;51.35091266;309.4369368;0.039907954;52.3591629;311.2219306;1.416085015;412.367149;0.013726228;0.009248019;5.358666955;6290.818478;0.809882333;0.891398553;0.152212381;0.918880711;290.5046144;0.008410428;75.29127182;0.037551757;57.03401695;390.3650873;241.7476309;31547.24938;3.262592202;0.008569354;591.7241895;0.295124284;0.560188064;224.0857406;0.004860547;7.305902599;0.230512762;222.9280455;7.669417448;1282.656473;0.147465679;4.961768235;350.7157967;52.04522191;304.3684755;19.58197287;4376.559094;0.224993124;0.009391404;0.207247452;77.10070219;0.001808453;0.962362482;0.001677609;1501.692144;0.106942355;1.297234336
Patient12_mridian_ttt_4;Data/NFcorr/Patient12_mridian_ttt_4_NFc.nii;Data/Patient12/mask_dir/Patient12_mridian_ttt_4_gtv.nii;v3.0.1;1.21.5;2.1.1;1.3.0;3.7.0;{'minimumROIDimensions': 2. 'minimumROISize': None. 'normalize': False. 'normalizeScale': 1. 'removeOutliers': None. 'resampledPixelSpacing': [1.63. 1.63. 1.63]. 'interpolator': 'sitkBSpline'. 'preCrop': False. 'padDistance': 5. 'distances': [1]. 'force2D': False. 'force2Ddimension': 0. 'resegmentRange': [0]. 'label': 1. 'additionalInfo': True. 'binWidth': 7. 'weightingNorm': None};{'Original': {}};d72d493e77654e5a0b650a7c34b4a730c0ee4c17;3D;(1.6304397583007812. 1.6304397583007812. 3.000000238418579);(276. 276. 80);50.38493834;0;1462.689209;a4cbda239876b5484ddcdb288fd79c2bdb5970bd;(1.6304397583007812. 1.6304397583007812. 3.000000238418579);(276. 276. 80);(126. 131. 25. 21. 24. 17);3569;1;(135.5954048753152. 143.10170916223032. 33.021574670776126);(-222.7105789099063. -234.94915585719627. 102.06473212370386);(1.63. 1.63. 1.63);(33. 36. 43);142.8017716;12.26418591;336.293396;(1.63. 1.63. 1.63);(33. 36. 43);(6. 6. 6. 21. 24. 31);6473;1;(15.563880735362273. 18.059786806735673. 21.190329059168857);(-222.59934547779088. -234.81767237412953. 102.05523648565452);98.34857136;21.86563873;266.5614929;(1.63. 1.63. 1.63);(33. 36. 43);(6. 6. 6. 21. 24. 31);6473;1;(15.563880735362273. 18.059786806735673. 21.190329059168857);(-222.59934547779088. -234.81767237412953. 102.05523648565452);98.34857136;21.86563873;266.5614929;0.683064002;0.594237573;28.00681604;47.1306718;51.80221038;52.49004953;39.18785781;53.1189966;27890.19113;32.19326528;0.731965308;6076.142541;0.21785948;28032.92533;54.63985443;156.7513367;74366704.6;4.409966593;59.7826004;3.968740866;266.5614929;34.3543366;98.34857136;86.48465729;21.86563873;244.6958542;24.4932537;107.1856053;1.064450648;322063382.8;0.058076151;1816.312505;156.0674466;70939.5002;1667.952657;128.4713761;15.50775063;0.784119892;2.818677644;3.071941482;7.342767789;0.412168229;0.334802159;0.988691001;0.931602209;-0.171841237;0.870146829;0.318023823;11.30584661;0.007196057;7.988906371;0.793457626;0.026619146;22.61169322;5.268760716;35.99478168;306.8907882;0.05478875;38.12504958;178.7453952;1.545709015;240.2803314;0.029283386;0.017867989;5.083759803;4321.07725;0.769993006;0.865132087;0.203066541;0.899227985;166.1733884;0.015824071;56.95451099;0.043180069;44.82246125;267.3275208;862.9772555;48007.99469;19.44472205;0.016559505;406.9211524;0.308507318;0.57234376;156.3161797;0.009593313;6.93664092;0.203769504;838.8936434;7.440607167;768.2902827;0.118691531;8.094542091;375.9269272;37.16635742;170.5040939;28.40367681;2834.576085;0.618187102;0.018244823;0.184202204;45.3356043;0.00303531;1.487603755;0.001879717;1011.341161;0.100001561;1.269232137
Patient12_mridian_ttt_4;Data/NFcorr/Patient12_mridian_ttt_4_NFc.nii;Data/Patient12/mask_dir/Patient12_mridian_ttt_4_ptv.nii;v3.0.1;1.21.5;2.1.1;1.3.0;3.7.0;{'minimumROIDimensions': 2. 'minimumROISize': None. 'normalize': False. 'normalizeScale': 1. 'removeOutliers': None. 'resampledPixelSpacing': [1.63. 1.63. 1.63]. 'interpolator': 'sitkBSpline'. 'preCrop': False. 'padDistance': 5. 'distances': [1]. 'force2D': False. 'force2Ddimension': 0. 'resegmentRange': [0]. 'label': 1. 'additionalInfo': True. 'binWidth': 7. 'weightingNorm': None};{'Original': {}};d72d493e77654e5a0b650a7c34b4a730c0ee4c17;3D;(1.6304397583007812. 1.6304397583007812. 3.000000238418579);(276. 276. 80);50.38493834;0;1462.689209;1b3b545e72a6a1539737ac35c3e93ffbb5dd0c4b;(1.6304397583007812. 1.6304397583007812. 3.000000238418579);(276. 276. 80);(123. 129. 25. 26. 27. 18);4788;2;(135.09878863826233. 142.29406850459483. 34.127610693400165);(-221.90087605239756. -233.63234641856718. 105.38284045527553);(1.63. 1.63. 1.63);(38. 39. 45);148.8862169;3.956486225;348.1129456;(1.63. 1.63. 1.63);(38. 39. 45);(6. 6. 6. 26. 27. 33);8714;2;(18.059329814092266. 19.24351618085839. 23.242368602249254);(-221.7769274761208. -233.48715125394955. 105.40006094087556);113.9073975;21.86563873;285.9537964;(1.63. 1.63. 1.63);(38. 39. 45);(6. 6. 6. 26. 27. 33);8714;2;(18.059329814092266. 19.24351618085839. 23.242368602249254);(-221.7769274761208. -233.48715125394955. 105.40006094087556);113.9073975;21.86563873;285.9537964;0.77225719;0.692087585;33.02136775;47.71270063;57.23598256;53.76529736;45.20128427;59.51174422;37561.11007;36.8464761;0.721233614;7520.275962;0.200214423;37738.12936;59.23957024;176.2949493;131703620.2;4.640619391;69.12951279;2.9971161;285.9537964;37.91744113;113.9073975;109.7812614;21.86563873;264.0881577;27.9570329;122.9391139;0.631138707;570375057.9;0.045773663;2139.130508;215.5902133;70622.57263;1208.968653;152.6927563;18.11939763;0.787503983;3.105922093;3.183385624;8.173663289;0.387735849;0.305887844;0.988113067;0.928670068;-0.173101453;0.88071313;0.294392389;13.48854149;0.004514842;8.431374735;0.797521248;0.018115822;26.97708299;5.523048792;42.7030385;342.3778835;0.04468183;43.91595486;241.1092847;1.471339295;322.081333;0.020607843;0.012992599;5.238885275;6069.201346;0.790589169;0.879327695;0.17264045;0.909546768;224.4660678;0.011595744;81.55886812;0.041212162;47.41434736;323.1354219;479.8039414;35455.76958;9.845819681;0.011809796;634.6675088;0.320701116;0.586146942;195.0450127;0.006993245;7.069542854;0.227105807;460.4154721;7.601723021;1140.845536;0.130920993;6.657941136;398.8717007;43.7094008;233.3546018;23.7766812;3658.740877;0.414371941;0.013338812;0.204464788;62.48120834;0.002422118;1.525390275;0.001523275;1077.060504;0.121547682;0.854391903
Patient12_mridian_ttt_5;Data/NFcorr/Patient12_mridian_ttt_5_NFc.nii;Data/Patient12/mask_dir/Patient12_mridian_ttt_5_gtv.nii;v3.0.1;1.21.5;2.1.1;1.3.0;3.7.0;{'minimumROIDimensions': 2. 'minimumROISize': None. 'normalize': False. 'normalizeScale': 1. 'removeOutliers': None. 'resampledPixelSpacing': [1.63. 1.63. 1.63]. 'interpolator': 'sitkBSpline'. 'preCrop': False. 'padDistance': 5. 'distances': [1]. 'force2D': False. 'force2Ddimension': 0. 'resegmentRange': [0]. 'label': 1. 'additionalInfo': True. 'binWidth': 7. 'weightingNorm': None};{'Original': {}};740bfb3a40ca79cb00c4e79aecdd381a5fac0715;3D;(1.6304397583007812. 1.6304397583007812. 3.000000238418579);(276. 276. 80);51.16730041;0;843.2956543;4f8d2ad8edcc9f6ec544e583971bc8d680e5b624;(1.6304397583007812. 1.6304397583007812. 3.000000238418579);(276. 276. 80);(128. 128. 20. 22. 24. 17);3728;1;(137.62070815450645. 139.91335836909872. 28.02387339055794);(-226.01271389891662. -229.75074196066467. 87.07162709150448);(1.63. 1.63. 1.63);(34. 36. 44);150.7729698;9.893732071;331.7304993;(1.63. 1.63. 1.63);(34. 36. 44);(6. 6. 7. 22. 24. 31);6819;1;(15.604780759642177. 17.847045021264115. 22.004692770200908);(-225.92601251736713. -229.58090326381088. 87.08264933463677);110.9436534;9.893732071;305.4062805;(1.63. 1.63. 1.63);(34. 36. 44);(6. 6. 7. 22. 24. 31);6819;1;(15.604780759642177. 17.847045021264115. 22.004692770200908);(-225.92601251736713. -229.58090326381088. 87.08264933463677);110.9436534;9.893732071;305.4062805;0.696906272;0.612589991;28.84029495;47.07927876;51.80221038;52.49004953;40.88019202;53.1189966;29386.46422;32.80984466;0.734808569;6267.218007;0.21326887;29531.36379;65.93294678;168.7825775;96205624.1;4.473622356;52.40890121;4.759928391;305.4062805;32.81983568;110.9436534;101.5857086;9.893732071;295.5125484;22.14116888;118.7790604;1.14363584;416642217.9;0.055495393;1799.970948;256.6618654;85188.42771;1816.262083;127.6618011;16.86997771;0.766360621;3.012404126;3.132108764;7.526535816;0.388192723;0.305418462;0.991247314;0.937692274;-0.159517423;0.85629401;0.299901266;15.13143092;0.005699174;8.176178083;0.780159678;0.017506705;30.26286184;5.339569264;36.1329447;323.4934797;0.053666269;37.7772009;279.8106656;1.453814359;376.1924736;0.010040423;0.006665573;5.06636822;4822.359671;0.798519479;0.883831376;0.167631775;0.913339081;260.6021552;0.006029441;63.75131579;0.041941655;48.77575788;381.2861842;592.8164474;88747.09079;4.420463129;0.006181686;488.3328947;0.321271641;0.582819506;226.4420149;0.003962038;6.944151587;0.222906585;572.6905986;7.377914623;924.649802;0.135599032;5.717871622;378.4230826;36.73233865;272.3924329;21.8813609;4375.917583;0.167761782;0.006751441;0.203527945;72.05568632;0.001328665;0.827997402;0.00167491;1575.076408;0.074422679;1.619524714
Patient12_mridian_ttt_5;Data/NFcorr/Patient12_mridian_ttt_5_NFc.nii;Data/Patient12/mask_dir/Patient12_mridian_ttt_5_ptv.nii;v3.0.1;1.21.5;2.1.1;1.3.0;3.7.0;{'minimumROIDimensions': 2. 'minimumROISize': None. 'normalize': False. 'normalizeScale': 1. 'removeOutliers': None. 'resampledPixelSpacing': [1.63. 1.63. 1.63]. 'interpolator': 'sitkBSpline'. 'preCrop': False. 'padDistance': 5. 'distances': [1]. 'force2D': False. 'force2Ddimension': 0. 'resegmentRange': [0]. 'label': 1. 'additionalInfo': True. 'binWidth': 7. 'weightingNorm': None};{'Original': {}};740bfb3a40ca79cb00c4e79aecdd381a5fac0715;3D;(1.6304397583007812. 1.6304397583007812. 3.000000238418579);(276. 276. 80);51.16730041;0;843.2956543;5eb03dc5f17abdc5bcfa23d0b96d8f94fa09fc82;(1.6304397583007812. 1.6304397583007812. 3.000000238418579);(276. 276. 80);(125. 126. 20. 25. 27. 18);4209;3;(136.79638869090044. 139.2744119743407. 29.904015205512);(-224.66871067191224. -228.70897835522825. 92.71205298462739);(1.63. 1.63. 1.63);(37. 39. 46);152.7149983;9.893732071;367.5396118;(1.63. 1.63. 1.63);(37. 39. 46);(6. 6. 7. 25. 27. 33);7703;3;(17.78385044787745. 19.26262495131767. 25.380630923017005);(-224.5878961091906. -228.6282985497982. 92.58542852372702);127.9200427;34.03824615;305.4062805;(1.63. 1.63. 1.63);(37. 39. 46);(6. 6. 7. 25. 27. 33);7703;3;(17.78385044787745. 19.26262495131767. 25.380630923017005);(-224.5878961091906. -228.6282985497982. 92.58542852372702);127.9200427;34.03824615;305.4062805;0.825076467;0.672698409;30.33966023;45.10143003;57.23598256;55.75457829;45.20128427;60.06721402;33192.46904;37.21212853;0.722867149;6909.585712;0.208167271;33359.74414;77.01046295;185.1932678;141057782.2;4.600331861;63.24108505;3.497803622;305.4062805;35.71189674;127.9200427;121.9134369;34.03824615;271.3680344;25.77638995;135.3220526;0.730364766;610885567.1;0.047422763;1948.520603;240.3485663;71782.14689;1329.578134;138.211325;18.93724404;0.758753462;3.217747612;3.215987668;8.272400961;0.375090073;0.29073617;0.988736274;0.929448262;-0.155410802;0.856321305;0.2855366;14.50949143;0.004227267;8.440074044;0.766865176;0.012455296;29.01898287;5.472944706;39.28714226;320.4449844;0.046756089;40.18558036;263.9810746;1.424948175;352.1365204;0.012923296;0.008670766;5.157685828;5544.171795;0.807441794;0.889703312;0.156205022;0.917683864;246.2443547;0.007860223;78.23360434;0.042403038;45.72151497;336.9371274;340.5360434;38629.7626;4.059141009;0.008028603;607.1073171;0.329055456;0.593670173;205.84166;0.005006812;6.982813259;0.239517071;323.1048526;7.499315329;1088.614696;0.141323471;5.315876988;365.2975464;39.76537787;258.0973647;20.27508763;3959.838245;0.213050971;0.008810897;0.216999827;69.84904275;0.001780165;1.107004933;0.001583977;1374.113067;0.098209948;1.109394119
;;;;;;;;;;;;;;;;;;;;;;;;;;;;;;;;;;;;;;;;;;;;;;;;;;;;;;;;;;;;;;;;;;;;;;;;;;;;;;;;;;;;;;;;;;;;;;;;;;;;;;;;;;;;;;;;;;;;;;;;;;;;;;;;;;;;;;;;;;;;;;;;;;;;;;;;;;;;
;;;;;;;;;;;;;;;;;;;;;;;;;;;;;;;;;;;;;;;;;;;;;;;;;;;;;;;;;;;;;;;;;;;;;;;;;;;;;;;;;;;;;;;;;;;;;;;;;;;;;;;;;;;;;;;;;;;;;;;;;;;;;;;;;;;;;;;;;;;;;;;;;;;;;;;;;;;;
;;;;;;;;;;;;;;;;;;;;;;;;;;;;;;;;;;;;;;;;;;;;;;;;;;;;;;;;;;;;;;;;;;;;;;;;;;;;;;;;;;;;;;;;;;;;;;;;;;;;;;;;;;;;;;;;;;;;;;;;;;;;;;;;;;;;;;;;;;;;;;;;;;;;;;;;;;;;
GTV;;;;;;;;;;;;;;;;;;;;;;;;;;;;;;;;;;;;;;;;;;;;;;;;;;;;;;;;;;;;;;;;;;;;;;;;;;;;;;;;;;;;;;;;;;;;;;;;;;;;;;;;;;;;;;;;;;;;;;;;;;;;;;;;;;;;;;;;;;;;;;;;;;;;;;;;;;;;
Patient12_IRM_simu_gie;Data/NFcorr/Patient12_IRM_simu_gie_NFc.nii;Data/Patient12/mask_dir/Patient12_IRM_simu_gie_gtv.nii;v3.0.1;1.21.5;2.1.1;1.3.0;3.7.0;{'minimumROIDimensions': 2. 'minimumROISize': None. 'normalize': False. 'normalizeScale': 1. 'removeOutliers': None. 'resampledPixelSpacing': [1.63. 1.63. 1.63]. 'interpolator': 'sitkBSpline'. 'preCrop': False. 'padDistance': 5. 'distances': [1]. 'force2D': False. 'force2Ddimension': 0. 'resegmentRange': [0]. 'label': 1. 'additionalInfo': True. 'binWidth': 7. 'weightingNorm': None};{'Original': {}};3c826a09c5795346a24cf3aef345d12a26c10893;3D;(1.269531011581421. 1.269531011581421. 0.8202999830245972);(512. 512. 156);50.74856112;0;2310.301514;fe48c24c7afdb292f5dd374ad1bca7a92ed3b930;(1.269531011581421. 1.269531011581421. 0.8202999830245972);(512. 512. 156);(197. 226. 63. 27. 31. 20);6988;1;(209.9775329135661. 241.94089868345736. 72.83929593589009);(-267.8425207807121. -308.4210048601091. 60.57037320275885);(1.63. 1.63. 1.63);(33. 36. 22);504.1827756;-19.20005226;1548.479736;(1.63. 1.63. 1.63);(33. 36. 22);(5. 6. 6. 21. 24. 10);2113;1;(15.443445338381448. 18.225745385707526. 10.393752957879792);(-267.8625814073525. -308.25773048449395. 60.54696731285635);531.6093049;28.22164726;1450.511841;(1.63. 1.63. 1.63);(33. 36. 22);(5. 6. 6. 21. 24. 10);2113;1;(15.443445338381448. 18.225745385707526. 10.393752957879792);(-267.8625814073525. -308.25773048449395. 60.54696731285635);531.6093049;28.22164726;1450.511841;0.859031771;0.451952068;14.86379506;32.88798992;34.84542007;37.6314722;38.88156504;39.99317192;9060.28362;28.25182823;0.697893547;3011.545788;0.332389792;9150.868411;370.5516479;721.9307983;647619277;6.305739789;175.0447998;6.297438084;1450.511841;113.9205981;531.6093049;511.9134827;28.22164726;1422.290194;73.53425697;553.6179148;1.001414618;2804675241;0.015679871;23884.34243;5386.80682;9235493.672;37989.47255;1292.842994;443.5528635;0.481362972;14.91786182;5.276981231;214.6122557;0.148145208;0.076660484;0.990040742;0.935614796;-0.252517908;0.977844948;0.081327719;71.93362457;0.000633714;10.8819741;0.895338774;0.002309008;143.8672491;7.00877649;434.0989643;32.28985474;0.015609261;490.6274915;5748.310181;1.06538745;6084.955612;0.000887435;0.00086782;6.428938538;1983.650506;0.958848268;0.978994503;0.021886644;0.984149644;5667.187002;0.000863013;23.58432602;0.014786411;539.094637;5930.42884;2.354231975;12846.98746;0.001426412;0.001034234;1019.731034;0.639329802;0.827451541;5035.837627;0.000976929;7.254676079;0.754850923;0.59922996;7.517013917;946.9261713;0.448143006;0.599976841;33.13156649;487.2133062;5735.403218;2.990534785;15921.21959;0.001437481;0.0008559;0.677537072;4073.05075;0.000754142;0.022844767;0.003756521;95150.41997;0.485624132;39.30562953
Patient12_IRM_simu_mridian;Data/NFcorr/Patient12_IRM_simu_mridian_NFc.nii;Data/Patient12/mask_dir/Patient12_IRM_simu_mridian_gtv.nii;v3.0.1;1.21.5;2.1.1;1.3.0;3.7.0;{'minimumROIDimensions': 2. 'minimumROISize': None. 'normalize': False. 'normalizeScale': 1. 'removeOutliers': None. 'resampledPixelSpacing': [1.63. 1.63. 1.63]. 'interpolator': 'sitkBSpline'. 'preCrop': False. 'padDistance': 5. 'distances': [1]. 'force2D': False. 'force2Ddimension': 0. 'resegmentRange': [0]. 'label': 1. 'additionalInfo': True. 'binWidth': 7. 'weightingNorm': None};{'Original': {}};3a102f5fc4df1bd265a6c1615855dc3e30866289;3D;(1.6304397583007812. 1.6304397583007812. 3.000000238418579);(276. 276. 80);51.72628344;0;1365.996582;2502fc6b22d5ca11fecc9151448d9001bd268e35;(1.6304397583007812. 1.6304397583007812. 3.000000238418579);(276. 276. 80);(120. 126. 24. 22. 24. 16);3707;1;(129.6854599406528. 137.95090369571082. 31.02994335041813);(-213.0747697190644. -226.5510778373099. 96.08983768778798);(1.63. 1.63. 1.63);(34. 36. 41);152.3851128;18.3453598;327.822113;(1.63. 1.63. 1.63);(34. 36. 41);(6. 6. 6. 22. 24. 30);6879;1;(15.698648059310946. 18.015554586422446. 19.58264282599215);(-213.03901621582722. -226.59557385501898. 96.17470792557648);105.9539268;18.3453598;291.8991699;(1.63. 1.63. 1.63);(34. 36. 41);(6. 6. 6. 22. 24. 30);6879;1;(15.698648059310946. 18.015554586422446. 19.58264282599215);(-213.03901621582722. -226.59557385501898. 96.17470792557648);105.9539268;18.3453598;291.8991699;0.670670662;0.593018608;28.77033706;48.51506629;52.66691181;53.96260186;39.69309386;54.86590654;29645.58725;32.53763161;0.728816765;6355.832967;0.214393897;29791.20861;60.50291443;165.1764984;90005939.16;4.476056833;57.07975769;4.218737877;291.8991699;34.19731755;105.9539268;95.08673096;18.3453598;273.5538101;23.83408654;114.3860147;1.076141747;389792951;0.055129663;1857.925768;206.7840061;78189.33027;1744.220902;129.3532233;18.03528326;0.754671951;3.1285916;3.179018964;7.974471102;0.379404666;0.295542431;0.989257249;0.931227994;-0.150878217;0.84487184;0.294374631;13.37718868;0.005702081;8.203636777;0.769851004;0.017406246;26.75437735;5.317587534;36.84712665;325.8665943;0.053203899;38.84938601;230.4922082;1.416047068;300.17787;0.014424023;0.009821854;5.044597169;4950.313522;0.806985339;0.890256858;0.149865487;0.91752149;216.0430533;0.008917625;68.67453416;0.04265499;45.20942711;323.4981366;547.273913;52709.72484;6.546715886;0.008644513;566.7242236;0.352002623;0.615172934;204.048257;0.00560673;6.849518055;0.234045646;529.0181972;7.289949867;961.93909;0.139837053;4.871202442;379.236953;37.97593033;223.8885012;19.71929059;3075.038668;0.225145357;0.009954987;0.217824826;65.58135674;0.001979677;1.131466839;0.001643977;1412.483926;0.093173638;1.326928622
Patient12_mridian_ttt_1;Data/NFcorr/Patient12_mridian_ttt_1_NFc.nii;Data/Patient12/mask_dir/Patient12_mridian_ttt_1_gtv.nii;v3.0.1;1.21.5;2.1.1;1.3.0;3.7.0;{'minimumROIDimensions': 2. 'minimumROISize': None. 'normalize': False. 'normalizeScale': 1. 'removeOutliers': None. 'resampledPixelSpacing': [1.63. 1.63. 1.63]. 'interpolator': 'sitkBSpline'. 'preCrop': False. 'padDistance': 5. 'distances': [1]. 'force2D': False. 'force2Ddimension': 0. 'resegmentRange': [0]. 'label': 1. 'additionalInfo': True. 'binWidth': 7. 'weightingNorm': None};{'Original': {}};58bb25ace9056c7f72a67b87bc5571e582ea52e0;3D;(1.6304397583007812. 1.6304397583007812. 3.000000238418579);(276. 276. 80);50.57826417;0;1232.418945;e0a2b2633b53c4e6b736ff78cd003e75c4ca2e35;(1.6304397583007812. 1.6304397583007812. 3.000000238418579);(276. 276. 80);(129. 128. 20. 21. 24. 17);3569;1;(138.5954048753152. 140.10170916223032. 28.02157467077613);(-227.60189818480865. -230.05783658229393. 87.06473093161098);(1.63. 1.63. 1.63);(33. 36. 44);152.7807525;15.73661327;322.559845;(1.63. 1.63. 1.63);(33. 36. 44);(6. 6. 7. 21. 24. 31);6529;1;(15.574973196507887. 18.035380609587992. 22.005207535610353);(-227.50742618945822. -229.8878902727788. 87.08348840225418);104.9897336;19.37706757;288.2487793;(1.63. 1.63. 1.63);(33. 36. 44);(6. 6. 7. 21. 24. 31);6529;1;(15.574973196507887. 18.035380609587992. 22.005207535610353);(-227.50742618945822. -229.8878902727788. 87.08348840225418);104.9897336;19.37706757;288.2487793;0.685427763;0.596022127;28.10224535;47.14966792;51.80221038;52.49004953;39.18785781;53.1189966;28132.71296;32.31769139;0.733029347;6102.444509;0.216916318;28275.44716;64.20454407;162.9213287;82688466.98;4.341085871;50.06687927;4.35466622;288.2487793;31.84646438;104.9897336;93.39361572;19.37706757;268.8717117;21.48888824;112.5379853;1.177470941;358102830.3;0.063154242;1641.953977;199.3933842;60123.72622;1508.44425;112.1302302;14.37006109;0.771789806;2.717877182;3.015097579;6.764193272;0.416573883;0.340177497;0.9913944;0.93965534;-0.168414146;0.860149533;0.330775042;13.22680045;0.008097825;7.841958699;0.78132508;0.025691148;26.4536009;5.177212441;31.62507283;336.7762634;0.059538774;35.01386221;224.7808956;1.543718988;308.1979105;0.014768248;0.009173827;5.018745398;4383.501832;0.77360269;0.866182829;0.204922344;0.900986932;208.5296006;0.008172433;54.58846454;0.042547517;45.12018852;334.9688231;1141.023383;117195.4357;12.30981307;0.008000383;434.3281372;0.338525438;0.601736944;203.4618605;0.004543348;6.83088816;0.196507888;1115.126945;7.356627731;771.0493184;0.118096082;7.52847877;412.3340481;33.59905593;215.8097718;27.59212743;3882.806555;0.290839811;0.009312984;0.18600446;56.58128309;0.001491302;0.965982412;0.001794194;1233.007453;0.070644929;1.612820152
Patient12_mridian_ttt_2;Data/NFcorr/Patient12_mridian_ttt_2_NFc.nii;Data/Patient12/mask_dir/Patient12_mridian_ttt_2_gtv.nii;v3.0.1;1.21.5;2.1.1;1.3.0;3.7.0;{'minimumROIDimensions': 2. 'minimumROISize': None. 'normalize': False. 'normalizeScale': 1. 'removeOutliers': None. 'resampledPixelSpacing': [1.63. 1.63. 1.63]. 'interpolator': 'sitkBSpline'. 'preCrop': False. 'padDistance': 5. 'distances': [1]. 'force2D': False. 'force2Ddimension': 0. 'resegmentRange': [0]. 'label': 1. 'additionalInfo': True. 'binWidth': 7. 'weightingNorm': None};{'Original': {}};40c80b00ee9b859e0bbb78d97820277a51569ac9;3D;(1.6304206848144531. 1.6304397583007812. 3.000000238418579);(276. 276. 80);48.89432533;0;848.6767578;274694d18df97f0f2a5ebeb9b5c7a2f4a0726821;(1.6304206848144531. 1.6304397583007812. 3.000000238418579);(276. 276. 80);(121. 139. 27. 21. 24. 17);3569;1;(130.5954048753152. 151.10170916223032. 35.021574670776126);(-214.55587013524664. -247.99267392360252. 108.06473260054102);(1.63. 1.63. 1.63);(33. 36. 44);140.1938862;7.697345734;316.2696838;(1.63. 1.63. 1.63);(33. 36. 44);(6. 6. 7. 21. 24. 31);6476;1;(15.603767757875232. 18.092649783817173. 21.948888202594194);(-214.5143517877438. -247.91123902677234. 108.18168788943782);94.94551699;25.04140091;283.0223694;(1.63. 1.63. 1.63);(33. 36. 44);(6. 6. 7. 21. 24. 31);6476;1;(15.603767757875232. 18.092649783817173. 21.948888202594194);(-214.5143517877438. -247.91123902677234. 108.18168788943782);94.94551699;25.04140091;283.0223694;0.681929155;0.595701029;28.04098758;47.07224968;51.80221038;52.49004953;39.18785781;53.1189966;27903.18337;32.09993943;0.732114931;6076.787213;0.217781145;28045.91757;55.05117798;149.9114685;68386376.25;4.295843776;48.54106903;5.044263329;283.0223694;30.56827824;94.94551699;84.28704071;25.04140091;257.9809685;20.65263672;102.7617226;1.291463042;296164093.8;0.063694914;1545.320429;138.4951142;63969.52277;1546.89546;105.3335356;14.60370734;0.755894405;2.732485172;3.024796618;6.945935139;0.415004342;0.338046636;0.990372763;0.936560325;-0.156604159;0.843614593;0.329048296;10.76133372;0.007976765;7.808049723;0.78394408;0.026179842;21.52266743;5.118742035;29.98431074;338.9036326;0.060298323;32.90633185;161.5177742;1.529758819;215.1058012;0.027508043;0.017178536;4.964932393;4355.168091;0.773750767;0.867653347;0.196238416;0.901205168;150.7013994;0.015288277;60.7759522;0.045389061;41.81680955;247.4682599;1013.114264;63128.09485;19.39617061;0.01658838;481.7289022;0.359767664;0.622085114;157.5254204;0.010764067;6.678706331;0.206763434;989.7230631;7.298949922;759.84126;0.117331881;7.382715713;412.4882644;31.60688229;153.9729771;27.10531192;2469.391445;0.547257094;0.017462994;0.194847631;44.62698468;0.003230481;1.33341417;0.001741902;1222.000665;0.076870853;1.531049767
Patient12_mridian_ttt_3;Data/NFcorr/Patient12_mridian_ttt_3_NFc.nii;Data/Patient12/mask_dir/Patient12_mridian_ttt_3_gtv.nii;v3.0.1;1.21.5;2.1.1;1.3.0;3.7.0;{'minimumROIDimensions': 2. 'minimumROISize': None. 'normalize': False. 'normalizeScale': 1. 'removeOutliers': None. 'resampledPixelSpacing': [1.63. 1.63. 1.63]. 'interpolator': 'sitkBSpline'. 'preCrop': False. 'padDistance': 5. 'distances': [1]. 'force2D': False. 'force2Ddimension': 0. 'resegmentRange': [0]. 'label': 1. 'additionalInfo': True. 'binWidth': 7. 'weightingNorm': None};{'Original': {}};e0c4d73d7190f073054d0f74d014e41145560c23;3D;(1.6304397583007812. 1.6304397583007812. 3.000000238418579);(276. 276. 80);49.37338906;0;977.6827393;0e1b93d54a65856199cf07c987c76effe5184f6b;(1.6304397583007812. 1.6304397583007812. 3.000000238418579);(276. 276. 80);(128. 124. 19. 22. 24. 17);3772;1;(137.601802757158. 135.96553552492045. 27.03154825026511);(-225.98188978743323. -223.31405463678837. 84.09465143403723);(1.63. 1.63. 1.63);(34. 36. 43);155.4315197;15.251441;343.8551025;(1.63. 1.63. 1.63);(34. 36. 43);(6. 6. 6. 22. 24. 31);6885;1;(15.576470588235294. 17.902541757443718. 21.14001452432825);(-225.8798669379739. -223.15136294378365. 84.04322379386433);115.8032551;31.31814384;326.9180603;(1.63. 1.63. 1.63);(34. 36. 43);(6. 6. 6. 22. 24. 31);6885;1;(15.576470588235294. 17.902541757443718. 21.14001452432825);(-225.8798669379739. -223.15136294378365. 84.04322379386433);115.8032551;31.31814384;326.9180603;0.697223175;0.612711066;28.90444157;47.1746687;51.80221038;52.49004953;40.88019202;53.1189966;29672.65441;32.89127227;0.740278478;6261.233978;0.211010242;29817.1931;66.23687592;180.5933502;107134694.7;4.595310659;62.00749207;3.93915161;326.9180603;37.03139101;115.8032551;104.4938126;31.31814384;295.5999165;25.91085383;124.7421129;1.008355174;463973257.7;0.049877514;2150.20084;197.5873381;101851.9089;2135.553522;154.6442849;15.95481681;0.812488815;2.950077625;3.100615783;6.982837085;0.392433799;0.310715941;0.991676255;0.938782575;-0.182878278;0.889279588;0.305312998;12.76359367;0.005246794;8.278224142;0.822333355;0.016451691;25.52718735;5.461632684;42.64977544;292.5904128;0.048225242;45.06341625;221.8778315;1.467810632;292.2318158;0.021018482;0.013704974;5.198747876;4829.189532;0.794373611;0.881023407;0.172765199;0.911258104;207.5777561;0.01234505;58.43069642;0.039506894;54.25036744;315.31643;518.2562542;40852.9405;9.129224695;0.012298678;449.1352265;0.303674933;0.567220491;181.2253502;0.006891588;7.106786723;0.214814815;496.585624;7.520152126;928.0756718;0.134796757;6.057944707;343.4066812;43.89402063;213.8697168;22.81379811;3064.068119;0.371817976;0.013919503;0.195779573;56.98196545;0.002432112;0.985346866;0.001878427;1604.507641;0.085640208;1.972532565
Patient12_mridian_ttt_4;Data/NFcorr/Patient12_mridian_ttt_4_NFc.nii;Data/Patient12/mask_dir/Patient12_mridian_ttt_4_gtv.nii;v3.0.1;1.21.5;2.1.1;1.3.0;3.7.0;{'minimumROIDimensions': 2. 'minimumROISize': None. 'normalize': False. 'normalizeScale': 1. 'removeOutliers': None. 'resampledPixelSpacing': [1.63. 1.63. 1.63]. 'interpolator': 'sitkBSpline'. 'preCrop': False. 'padDistance': 5. 'distances': [1]. 'force2D': False. 'force2Ddimension': 0. 'resegmentRange': [0]. 'label': 1. 'additionalInfo': True. 'binWidth': 7. 'weightingNorm': None};{'Original': {}};d72d493e77654e5a0b650a7c34b4a730c0ee4c17;3D;(1.6304397583007812. 1.6304397583007812. 3.000000238418579);(276. 276. 80);50.38493834;0;1462.689209;a4cbda239876b5484ddcdb288fd79c2bdb5970bd;(1.6304397583007812. 1.6304397583007812. 3.000000238418579);(276. 276. 80);(126. 131. 25. 21. 24. 17);3569;1;(135.5954048753152. 143.10170916223032. 33.021574670776126);(-222.7105789099063. -234.94915585719627. 102.06473212370386);(1.63. 1.63. 1.63);(33. 36. 43);142.8017716;12.26418591;336.293396;(1.63. 1.63. 1.63);(33. 36. 43);(6. 6. 6. 21. 24. 31);6473;1;(15.563880735362273. 18.059786806735673. 21.190329059168857);(-222.59934547779088. -234.81767237412953. 102.05523648565452);98.34857136;21.86563873;266.5614929;(1.63. 1.63. 1.63);(33. 36. 43);(6. 6. 6. 21. 24. 31);6473;1;(15.563880735362273. 18.059786806735673. 21.190329059168857);(-222.59934547779088. -234.81767237412953. 102.05523648565452);98.34857136;21.86563873;266.5614929;0.683064002;0.594237573;28.00681604;47.1306718;51.80221038;52.49004953;39.18785781;53.1189966;27890.19113;32.19326528;0.731965308;6076.142541;0.21785948;28032.92533;54.63985443;156.7513367;74366704.6;4.409966593;59.7826004;3.968740866;266.5614929;34.3543366;98.34857136;86.48465729;21.86563873;244.6958542;24.4932537;107.1856053;1.064450648;322063382.8;0.058076151;1816.312505;156.0674466;70939.5002;1667.952657;128.4713761;15.50775063;0.784119892;2.818677644;3.071941482;7.342767789;0.412168229;0.334802159;0.988691001;0.931602209;-0.171841237;0.870146829;0.318023823;11.30584661;0.007196057;7.988906371;0.793457626;0.026619146;22.61169322;5.268760716;35.99478168;306.8907882;0.05478875;38.12504958;178.7453952;1.545709015;240.2803314;0.029283386;0.017867989;5.083759803;4321.07725;0.769993006;0.865132087;0.203066541;0.899227985;166.1733884;0.015824071;56.95451099;0.043180069;44.82246125;267.3275208;862.9772555;48007.99469;19.44472205;0.016559505;406.9211524;0.308507318;0.57234376;156.3161797;0.009593313;6.93664092;0.203769504;838.8936434;7.440607167;768.2902827;0.118691531;8.094542091;375.9269272;37.16635742;170.5040939;28.40367681;2834.576085;0.618187102;0.018244823;0.184202204;45.3356043;0.00303531;1.487603755;0.001879717;1011.341161;0.100001561;1.269232137
Patient12_mridian_ttt_5;Data/NFcorr/Patient12_mridian_ttt_5_NFc.nii;Data/Patient12/mask_dir/Patient12_mridian_ttt_5_gtv.nii;v3.0.1;1.21.5;2.1.1;1.3.0;3.7.0;{'minimumROIDimensions': 2. 'minimumROISize': None. 'normalize': False. 'normalizeScale': 1. 'removeOutliers': None. 'resampledPixelSpacing': [1.63. 1.63. 1.63]. 'interpolator': 'sitkBSpline'. 'preCrop': False. 'padDistance': 5. 'distances': [1]. 'force2D': False. 'force2Ddimension': 0. 'resegmentRange': [0]. 'label': 1. 'additionalInfo': True. 'binWidth': 7. 'weightingNorm': None};{'Original': {}};740bfb3a40ca79cb00c4e79aecdd381a5fac0715;3D;(1.6304397583007812. 1.6304397583007812. 3.000000238418579);(276. 276. 80);51.16730041;0;843.2956543;4f8d2ad8edcc9f6ec544e583971bc8d680e5b624;(1.6304397583007812. 1.6304397583007812. 3.000000238418579);(276. 276. 80);(128. 128. 20. 22. 24. 17);3728;1;(137.62070815450645. 139.91335836909872. 28.02387339055794);(-226.01271389891662. -229.75074196066467. 87.07162709150448);(1.63. 1.63. 1.63);(34. 36. 44);150.7729698;9.893732071;331.7304993;(1.63. 1.63. 1.63);(34. 36. 44);(6. 6. 7. 22. 24. 31);6819;1;(15.604780759642177. 17.847045021264115. 22.004692770200908);(-225.92601251736713. -229.58090326381088. 87.08264933463677);110.9436534;9.893732071;305.4062805;(1.63. 1.63. 1.63);(34. 36. 44);(6. 6. 7. 22. 24. 31);6819;1;(15.604780759642177. 17.847045021264115. 22.004692770200908);(-225.92601251736713. -229.58090326381088. 87.08264933463677);110.9436534;9.893732071;305.4062805;0.696906272;0.612589991;28.84029495;47.07927876;51.80221038;52.49004953;40.88019202;53.1189966;29386.46422;32.80984466;0.734808569;6267.218007;0.21326887;29531.36379;65.93294678;168.7825775;96205624.1;4.473622356;52.40890121;4.759928391;305.4062805;32.81983568;110.9436534;101.5857086;9.893732071;295.5125484;22.14116888;118.7790604;1.14363584;416642217.9;0.055495393;1799.970948;256.6618654;85188.42771;1816.262083;127.6618011;16.86997771;0.766360621;3.012404126;3.132108764;7.526535816;0.388192723;0.305418462;0.991247314;0.937692274;-0.159517423;0.85629401;0.299901266;15.13143092;0.005699174;8.176178083;0.780159678;0.017506705;30.26286184;5.339569264;36.1329447;323.4934797;0.053666269;37.7772009;279.8106656;1.453814359;376.1924736;0.010040423;0.006665573;5.06636822;4822.359671;0.798519479;0.883831376;0.167631775;0.913339081;260.6021552;0.006029441;63.75131579;0.041941655;48.77575788;381.2861842;592.8164474;88747.09079;4.420463129;0.006181686;488.3328947;0.321271641;0.582819506;226.4420149;0.003962038;6.944151587;0.222906585;572.6905986;7.377914623;924.649802;0.135599032;5.717871622;378.4230826;36.73233865;272.3924329;21.8813609;4375.917583;0.167761782;0.006751441;0.203527945;72.05568632;0.001328665;0.827997402;0.00167491;1575.076408;0.074422679;1.619524714
moyenne;;;;;;;;;;;;;;;;;;;;;;;;;;;;;;;;;;;;;;;;;;;;;;;;;;0.688910073;0.602252357;28.3789571;47.12130737;51.80221038;52.49004953;39.86479149;53.1189966;28597.04122;32.46240261;0.734439327;6156.76525;0.215367211;28740.56939;61.21307984;163.7920123;85756373.33;4.423165851;54.5613884;4.413350083;294.0313965;33.32406118;105.0061461;94.04896698;21.49919662;272.5321999;22.93736027;113.2012973;1.137075129;371389156.5;0.058059643;1790.75174;189.6410297;76414.61716;1735.021594;125.6482456;15.46126272;0.778130708;2.84630435;3.068912045;7.11245382;0.404874595;0.325832139;0.990676347;0.936858545;-0.167851049;0.863896911;0.316612285;12.63780107;0.006843323;8.018663404;0.792243964;0.022489706;25.27560215;5.273183428;35.27737708;319.7309153;0.055303472;37.77717216;213.3465124;1.508162363;286.4016665;0.020523716;0.01291818;5.066510738;4542.259275;0.782047911;0.872764609;0.188924855;0.905203454;198.7168599;0.011531854;58.90018799;0.042513039;46.95711693;309.2734436;825.6375208;71586.31131;12.94007871;0.011925726;452.0892626;0.326349399;0.589241163;184.9941651;0.007150871;6.899434744;0.208952445;802.6039748;7.398850314;830.381267;0.124903057;6.956310581;384.5158007;36.59973098;205.3097985;25.55925503;3325.351957;0.399172753;0.013138349;0.192872363;55.11630477;0.002303574;1.120068921;0.00179383;1329.186666;0.081516046;1.601031867
Ecart type;;;;;;;;;;;;;;;;;;;;;;;;;;;;;;;;;;;;;;;;;;;;;;;;;;0.00755121;0.009516088;0.45228539;0.044476134;0;0;0.926929622;0;862.6715635;0.363799725;0.003454839;98.69242267;0.003075078;863.7294645;5.866021992;11.72805819;15867205.71;0.117581831;5.995489416;0.485837779;23.02256276;2.491868635;8.622229766;8.928056131;7.878506436;22.69479906;2.191712913;8.802203117;0.108804451;68716853.53;0.005727873;230.3905948;45.80702678;17133.92811;254.0929061;19.027736;1.019357263;0.021734448;0.130928994;0.049624332;0.312379097;0.013469785;0.016436713;0.001211939;0.003159789;0.010464203;0.017077479;0.013821745;1.723090702;0.001307753;0.205335583;0.017613805;0.005054862;3.446181408;0.135094722;4.923281439;19.8353826;0.00489727;4.598133829;46.10983518;0.043938592;62.81268561;0.00819729;0.004908807;0.08715489;259.7661108;0.013310903;0.008921621;0.017492319;0.006563513;42.92189744;0.004323118;3.523101359;0.002126088;4.7658362;53.53023957;266.7859265;31411.39563;6.5478088;0.004789406;33.75074513;0.023039592;0.022619348;30.20820573;0.003002323;0.157954428;0.010193221;264.8152619;0.084644702;87.72430744;0.009414482;1.018032544;28.9705164;4.676481065;46.18037403;2.986554716;783.6201826;0.184344518;0.00502033;0.007877733;11.16084043;0.000869101;0.277397056;8.85605E-05;253.982504;0.011713217;0.251735115
ecart type / moyenne;;;;;;;;;;;;;;;;;;;;;;;;;;;;;;;;;;;;;;;;;;;;;;;;;;0.010961097;0.015800831;0.015937351;0.000943865;0;0;0.023251837;0;0.030166462;0.011206802;0.00470405;0.016029915;0.014278303;0.030052622;0.095829552;0.071603359;0.185026548;0.026583184;0.109885206;0.110083671;0.078299675;0.074776859;0.082111668;0.094929869;0.366455853;0.083273826;0.095552099;0.077757087;0.095688005;0.185026548;0.098654977;0.128655798;0.241545972;0.224223175;0.14644942;0.151436543;0.065929755;0.027931616;0.045999647;0.016170008;0.043920018;0.033269031;0.05044534;0.001223345;0.003372749;-0.062342194;0.019767959;0.043655113;0.136344186;0.191099084;0.025607208;0.022232804;0.224763377;0.136344186;0.025619196;0.139559169;0.062037738;0.088552677;0.121717259;0.216126501;0.02913386;0.21931676;0.399405753;0.379992188;0.017202152;0.057188746;0.017020572;0.010222254;0.092588763;0.00725087;0.215995248;0.374884867;0.059814773;0.050010266;0.101493373;0.173083854;0.323127183;0.438790532;0.506009967;0.401602912;0.074655047;0.070597931;0.03838725;0.163292749;0.419854148;0.022893822;0.048782494;0.329945116;0.011440251;0.105643409;0.075374309;0.14634662;0.07534285;0.127773646;0.2249302;0.116848269;0.235650299;0.461816385;0.382112681;0.040844283;0.202496167;0.377283943;0.247660702;0.049369503;0.191081141;0.143692167;0.157233045
Coeff variation 1-5;;;;;;;;;;;;;;;;;;;;;;;;;;;;;;;;;;;;;;;;;;;;;;;;;;1.096109725;1.580083091;1.593735065;0.09438646;0;0;2.325183669;0;3.016646222;1.12068022;0.470404979;1.602991484;1.427830345;3.005262188;9.582955159;7.160335855;18.50265478;2.65831839;10.98852062;11.00836712;7.829967493;7.477685933;8.211166763;9.492986917;36.64558529;8.327382625;9.55520987;7.775708695;9.568800539;18.50265478;9.865497698;12.86557984;24.15459716;22.42231755;14.644942;15.14365435;6.592975499;2.793161642;4.599964651;1.6170008;4.392001767;3.326903073;5.044534002;0.122334472;0.337274909;-6.234219398;1.976795916;4.36551127;13.63441862;19.1099084;2.560720822;2.223280421;22.47633765;13.63441863;2.561919647;13.95591693;6.203773751;8.855267706;12.17172585;21.61265008;2.913386027;21.93167602;39.94057528;37.99921884;1.720215234;5.718874574;1.702057192;1.022225357;9.258876324;0.725087006;21.5995248;37.48848666;5.981477274;5.00102663;10.14933733;17.3083854;32.31271833;43.87905321;50.60099669;40.16029119;7.465504696;7.059793083;3.838724978;16.32927488;41.98541482;2.289382157;4.878249402;32.99451164;1.144025065;10.56434086;7.537430867;14.63466204;7.534285027;12.77736459;22.49302;11.68482693;23.56502989;46.18163847;38.21126814;4.084428288;20.24961665;37.72839428;24.76607024;4.936950281;19.10811405;14.36921667;15.72330447
;;;;;;;;;;;;;;;;;;;;;;;;;;;;;;;;;;;;;;;;;;;;;;;;;;;;;;;;;;;;;;;;;;;;;;;;;;;;;;;;;;;;;;;;;;;;;;;;;;;;;;;;;;;;;;;;;;;;;;;;;;;;;;;;;;;;;;;;;;;;;;;;;;;;;;;;;;;;
;;;;;;;;;;;;;;;;;;;;;;;;;;;;;;;;;;;;;;;;;;;;;;;;;;;;;;;;;;;;;;;;;;;;;;;;;;;;;;;;;;;;;;;;;;;;;;;;;;;;;;;;;;;;;;;;;;;;;;;;;;;;;;;;;;;;;;;;;;;;;;;;;;;;;;;;;;;;
;;;;;;;;;;;;;;;;;;;;;;;;;;;;;;;;;;;;;;;;;;;;;;;;;;;;;;;;;;;;;;;;;;;;;;;;;;;;;;;;;;;;;;;;;;;;;;;;;;;;;;;;;;;;;;;;;;;;;;;;;;;;;;;;;;;;;;;;;;;;;;;;;;;;;;;;;;;;
PTV;;;;;;;;;;;;;;;;;;;;;;;;;;;;;;;;;;;;;;;;;;;;;;;;;;;;;;;;;;;;;;;;;;;;;;;;;;;;;;;;;;;;;;;;;;;;;;;;;;;;;;;;;;;;;;;;;;;;;;;;;;;;;;;;;;;;;;;;;;;;;;;;;;;;;;;;;;;;
Patient12_IRM_simu_gie;Data/NFcorr/Patient12_IRM_simu_gie_NFc.nii;Data/Patient12/mask_dir/Patient12_IRM_simu_gie_ptv.nii;v3.0.1;1.21.5;2.1.1;1.3.0;3.7.0;{'minimumROIDimensions': 2. 'minimumROISize': None. 'normalize': False. 'normalizeScale': 1. 'removeOutliers': None. 'resampledPixelSpacing': [1.63. 1.63. 1.63]. 'interpolator': 'sitkBSpline'. 'preCrop': False. 'padDistance': 5. 'distances': [1]. 'force2D': False. 'force2Ddimension': 0. 'resegmentRange': [0]. 'label': 1. 'additionalInfo': True. 'binWidth': 7. 'weightingNorm': None};{'Original': {}};3c826a09c5795346a24cf3aef345d12a26c10893;3D;(1.269531011581421. 1.269531011581421. 0.8202999830245972);(512. 512. 156);50.74856112;0;2310.301514;39983c4442dccb6cb4d7a2a91d16e59d7f075251;(1.269531011581421. 1.269531011581421. 0.8202999830245972);(512. 512. 156);(195. 224. 62. 32. 36. 22);11628;1;(210.1652906776746. 242.16503267973857. 72.87917096663227);(-268.080885084913. -308.7055499191378. 60.60308268979976);(1.63. 1.63. 1.63);(37. 40. 24);473.5443415;-27.66450882;1548.479736;(1.63. 1.63. 1.63);(37. 40. 24);(6. 5. 6. 25. 28. 11);3508;1;(17.55387685290764. 19.431584948688712. 11.380273660205246);(-268.0425847760302. -308.5932489721533. 60.52499605764684);536.0248503;-2.241014719;1532.10022;(1.63. 1.63. 1.63);(37. 40. 24);(6. 5. 6. 25. 28. 11);3507;1;(17.55631593954947. 19.431708012546334. 11.3812375249501);(-268.0465604872564. -308.5934495662412. 60.52656715718095);536.1783336;0.780957818;1532.10022;0.886836719;0.45757393;17.47138091;38.18264055;41.55700904;45.75628044;45.40654578;47.82876645;15084.17225;33.86176769;0.698577287;4226.205903;0.280174864;15192.26048;352.2472046;742.4769287;1116140054;6.538289511;199.1446533;5.848825846;1532.10022;128.9848963;536.1783336;523.8792725;0.780957818;1531.319262;82.57845523;564.145936;0.567865131;4833720192;0.013498686;30773.43165;6266.128602;17176660.91;41273.23754;1774.449673;521.3516633;0.540860472;16.16687609;5.411745354;251.1964897;0.142192161;0.072704704;0.989800687;0.935116322;-0.230926279;0.973928295;0.077023291;77.15463539;0.000439371;11.45960485;0.768374476;0.001798637;154.3092708;7.280545674;573.9503342;46.14038008;0.013432611;632.1165823;6583.37103;1.064034552;6969.616299;0.001228031;0.001137249;6.666911051;3297.166467;0.959837159;0.979447698;0.021529432;0.984540429;6490.293081;0.001114652;33.64814119;0.012635427;699.4704328;6730.512204;2.328576793;14758.56327;0.002588135;0.001016607;1730.951183;0.650000444;0.833683536;5710.642212;0.000670654;7.51426172;0.759338466;0.594256927;7.771021959;1591.91075;0.453923795;0.588711046;47.33989165;627.4067489;6571.917879;2.9429712;18205.20445;0.003546806;0.001143421;0.685033425;4655.149941;0.00059904;0.025188906;0.002538785;137417.2817;0.457713246;35.01203452
Patient12_IRM_simu_mridian;Data/NFcorr/Patient12_IRM_simu_mridian_NFc.nii;Data/Patient12/mask_dir/Patient12_IRM_simu_mridian_ptv.nii;v3.0.1;1.21.5;2.1.1;1.3.0;3.7.0;{'minimumROIDimensions': 2. 'minimumROISize': None. 'normalize': False. 'normalizeScale': 1. 'removeOutliers': None. 'resampledPixelSpacing': [1.63. 1.63. 1.63]. 'interpolator': 'sitkBSpline'. 'preCrop': False. 'padDistance': 5. 'distances': [1]. 'force2D': False. 'force2Ddimension': 0. 'resegmentRange': [0]. 'label': 1. 'additionalInfo': True. 'binWidth': 7. 'weightingNorm': None};{'Original': {}};3a102f5fc4df1bd265a6c1615855dc3e30866289;3D;(1.6304397583007812. 1.6304397583007812. 3.000000238418579);(276. 276. 80);51.72628344;0;1365.996582;6c682637936f6e51b4edf307393d62af0637fb00;(1.6304397583007812. 1.6304397583007812. 3.000000238418579);(276. 276. 80);(117. 124. 23. 27. 28. 18);6034;1;(129.76665561816372. 138.03563142194233. 31.043089161418628);(-213.20715437988036. -226.68922129078814. 96.12927512392368);(1.63. 1.63. 1.63);(39. 40. 45);155.8690698;10.48252964;338.3494873;(1.63. 1.63. 1.63);(39. 40. 45);(6. 6. 6. 27. 28. 33);11181;1;(18.780788838207673. 20.074411948841785. 21.432072265450316);(-213.1729056854289. -226.6915113557625. 95.92927791189331);118.7602004;18.3453598;303.0185852;(1.63. 1.63. 1.63);(39. 40. 45);(6. 6. 6. 27. 28. 33);11181;1;(18.780788838207673. 20.074411948841785. 21.432072265450316);(-213.1729056854289. -226.6915113557625. 95.92927791189331);118.7602004;18.3453598;303.0185852;0.701914752;0.637342045;34.7721382;54.55804846;59.08609481;59.77901388;46.13216774;60.66140865;48265.45352;38.29509904;0.758846415;8448.011548;0.175032263;48422.08221;64.58932495;184.8022308;183015311.2;4.683409983;71.1333313;2.937679528;303.0185852;39.36836302;118.7602004;110.1670303;18.3453598;284.6732254;29.15275815;127.9391287;0.661370349;792593009.8;0.044910721;2264.435453;261.3997743;78836.2893;1461.791812;158.7386682;19.78554553;0.777789825;3.296089393;3.241639727;8.562936142;0.369621174;0.28463869;0.989280615;0.930950259;-0.160015295;0.864353217;0.282361729;15.05492594;0.004157994;8.545787587;0.784914921;0.013849371;30.10985189;5.544414825;44.63105344;437.2053853;0.043842578;46.70708535;292.9361268;1.410951508;383.5243406;0.011964093;0.008036557;5.237264409;8090.77007;0.809913808;0.891828858;0.14876354;0.918865726;274.2357678;0.007275012;105.9077213;0.039889914;49.19624147;392.834275;543.2094162;58643.73597;6.239799116;0.006619423;888.9457627;0.334819496;0.599342624;241.7894204;0.00413886;7.063375587;0.237456399;525.4743733;7.514985658;1603.089974;0.143376261;4.868232448;502.1467668;46.26055242;285.4954834;19.4030051;3972.056077;0.19407086;0.008194908;0.217876942;80.37703827;0.001534454;1.558939706;0.00113746;1457.395791;0.111757958;0.80759044
Patient12_mridian_ttt_1;Data/NFcorr/Patient12_mridian_ttt_1_NFc.nii;Data/Patient12/mask_dir/Patient12_mridian_ttt_1_ptv.nii;v3.0.1;1.21.5;2.1.1;1.3.0;3.7.0;{'minimumROIDimensions': 2. 'minimumROISize': None. 'normalize': False. 'normalizeScale': 1. 'removeOutliers': None. 'resampledPixelSpacing': [1.63. 1.63. 1.63]. 'interpolator': 'sitkBSpline'. 'preCrop': False. 'padDistance': 5. 'distances': [1]. 'force2D': False. 'force2Ddimension': 0. 'resegmentRange': [0]. 'label': 1. 'additionalInfo': True. 'binWidth': 7. 'weightingNorm': None};{'Original': {}};58bb25ace9056c7f72a67b87bc5571e582ea52e0;3D;(1.6304397583007812. 1.6304397583007812. 3.000000238418579);(276. 276. 80);50.57826417;0;1232.418945;f7a7f59c0c20e07367dee18b69cd66b2c15cfd98;(1.6304397583007812. 1.6304397583007812. 3.000000238418579);(276. 276. 80);(126. 126. 20. 26. 28. 18);5857;1;(138.67730920266348. 140.18900460986853. 28.042854703773262);(-227.73543825649412. -230.20016655084194. 87.12857103567593);(1.63. 1.63. 1.63);(38. 40. 46);156.6682159;15.73661327;322.559845;(1.63. 1.63. 1.63);(38. 40. 46);(6. 6. 7. 26. 28. 33);10700;1;(18.66626168224299. 20.154205607476637. 22.03336448598131);(-227.65622642120644. -230.0815750193373. 87.12938423135883);115.3817017;15.73661327;288.2487793;(1.63. 1.63. 1.63);(38. 40. 46);(6. 6. 7. 26. 28. 33);10700;1;(18.66626168224299. 20.154205607476637. 22.03336448598131);(-227.65622642120644. -230.0815750193373. 87.12938423135883);115.3817017;15.73661327;288.2487793;0.706134413;0.635171277;34.07689186;53.64992577;58.43044155;59.77901388;45.40654578;60.13352559;46186.87541;37.88405886;0.768011929;8105.787497;0.175499802;46338.9929;66.03640366;180.9986923;164503602.6;4.57766612;65.5033474;3.038258296;288.2487793;37.43770625;115.3817017;103.209198;15.73661327;272.512166;27.22727101;123.9926146;0.780400946;712423483.4;0.05022685;2061.231386;247.5125764;67860.70216;1472.462222;146.3603137;15.7378277;0.80524157;2.884005891;3.084051382;7.138277275;0.402300228;0.32308032;0.990577457;0.936210295;-0.181309725;0.885150402;0.314459958;14.65780348;0.00567409;8.248352824;0.812480171;0.020087756;29.31560696;5.450157294;40.52453535;448.7389483;0.048130624;43.03434623;276.4329732;1.517480651;377.8352553;0.013132789;0.008199424;5.222209723;7289.074488;0.780297356;0.871214953;0.193636821;0.904339246;256.4040268;0.007312408;87.57276995;0.041113977;47.02415394;385.2732394;1146.496714;124735.184;12.21162612;0.007190025;730.7117371;0.343057154;0.607050362;234.4108015;0.004148249;6.979890509;0.199065421;1121.261421;7.601480306;1313.461869;0.122753446;6.943469438;537.4272897;42.17531749;266.7549533;25.85214953;4611.91271;0.256821086;0.008357437;0.190071737;67.56571728;0.001357526;1.444186576;0.001253165;1211.941791;0.093402928;0.890876617
Patient12_mridian_ttt_2;Data/NFcorr/Patient12_mridian_ttt_2_NFc.nii;Data/Patient12/mask_dir/Patient12_mridian_ttt_2_ptv.nii;v3.0.1;1.21.5;2.1.1;1.3.0;3.7.0;{'minimumROIDimensions': 2. 'minimumROISize': None. 'normalize': False. 'normalizeScale': 1. 'removeOutliers': None. 'resampledPixelSpacing': [1.63. 1.63. 1.63]. 'interpolator': 'sitkBSpline'. 'preCrop': False. 'padDistance': 5. 'distances': [1]. 'force2D': False. 'force2Ddimension': 0. 'resegmentRange': [0]. 'label': 1. 'additionalInfo': True. 'binWidth': 7. 'weightingNorm': None};{'Original': {}};40c80b00ee9b859e0bbb78d97820277a51569ac9;3D;(1.6304206848144531. 1.6304397583007812. 3.000000238418579);(276. 276. 80);48.89432533;0;848.6767578;4c750bf71a5bcbc3401a120153edc78e9929094a;(1.6304206848144531. 1.6304397583007812. 3.000000238418579);(276. 276. 80);(118. 137. 28. 26. 27. 17);4394;2;(129.8848429676832. 149.94902139280836. 36.56577150659991);(-213.3973553032022. -246.11328595542992. 112.69732347617759);(1.63. 1.63. 1.63);(38. 39. 43);143.3776411;7.697345734;332.3980103;(1.63. 1.63. 1.63);(38. 39. 43);(6. 6. 7. 26. 27. 31);8039;2;(17.92810051001368. 18.977982336111456. 22.774723224281626);(-213.4130141737295. -246.09433108701205. 112.78779897478833);113.7775949;25.04140091;283.0223694;(1.63. 1.63. 1.63);(38. 39. 43);(6. 6. 7. 26. 27. 31);8039;2;(17.92810051001368. 18.977982336111456. 22.774723224281626);(-213.4130141737295. -246.09433108701205. 112.78779897478833);113.7775949;25.04140091;283.0223694;0.799136935;0.655071258;30.8034335;47.0230271;54.79322038;52.18546254;44.49034165;57.16631001;34585.16509;37.57783777;0.675866842;7595.380803;0.219613837;34814.87513;64.12806091;170.2953491;118788668.3;4.552012537;63.9706192;3.125455044;283.0223694;35.12107813;113.7775949;108.4583359;25.04140091;257.9809685;25.88202252;121.5588247;0.647745752;514443669;0.048737944;1831.206762;209.8559265;56605.6411;1070.494324;129.650915;16.95080789;0.768355996;3.027287968;3.137651581;7.504417123;0.387712134;0.305497264;0.988829339;0.930139581;-0.163246327;0.864396781;0.302296535;13.47862906;0.004777298;8.305935223;0.780825318;0.01568331;26.95725813;5.416016561;36.65043073;339.423172;0.047705039;37.95861316;233.0474065;1.443171714;310.133522;0.016596021;0.011032174;5.132505018;5696.53176;0.799383099;0.885002918;0.161905228;0.913879901;217.2471361;0.00996955;79.09215579;0.043385714;41.89160748;298.840373;439.5518376;39538.01755;6.696478661;0.011058551;579.2984092;0.317772029;0.583732938;178.2494869;0.00686539;6.995297229;0.226769499;420.105818;7.465948331;1105.16196;0.137475054;5.665404137;391.8043289;37.49213098;226.6906332;21.58489862;3435.177012;0.285622517;0.011197077;0.206485577;58.94345378;0.002277221;1.256152168;0.001613469;1145.300337;0.094526305;1.017426868
Patient12_mridian_ttt_3;Data/NFcorr/Patient12_mridian_ttt_3_NFc.nii;Data/Patient12/mask_dir/Patient12_mridian_ttt_3_ptv.nii;v3.0.1;1.21.5;2.1.1;1.3.0;3.7.0;{'minimumROIDimensions': 2. 'minimumROISize': None. 'normalize': False. 'normalizeScale': 1. 'removeOutliers': None. 'resampledPixelSpacing': [1.63. 1.63. 1.63]. 'interpolator': 'sitkBSpline'. 'preCrop': False. 'padDistance': 5. 'distances': [1]. 'force2D': False. 'force2Ddimension': 0. 'resegmentRange': [0]. 'label': 1. 'additionalInfo': True. 'binWidth': 7. 'weightingNorm': None};{'Original': {}};e0c4d73d7190f073054d0f74d014e41145560c23;3D;(1.6304397583007812. 1.6304397583007812. 3.000000238418579);(276. 276. 80);49.37338906;0;977.6827393;e5603965854dcf1ae3bca4e9fd11cf9d47779848;(1.6304397583007812. 1.6304397583007812. 3.000000238418579);(276. 276. 80);(125. 122. 19. 27. 27. 18);4700;2;(136.75914893617022. 135.79255319148936. 28.539787234042553);(-224.6079934952107. -223.0320173628787. 88.61936874496176);(1.63. 1.63. 1.63);(39. 39. 45);157.4042826;15.251441;343.8551025;(1.63. 1.63. 1.63);(39. 39. 45);(6. 6. 6. 27. 27. 33);8698;2;(17.69130834674638. 19.772936307197057. 23.730972637387904);(-224.43705248434696. -222.9401060598816. 88.26648551815157);135.6941649;31.31814384;326.9180603;(1.63. 1.63. 1.63);(39. 39. 45);(6. 6. 6. 27. 27. 33);8698;2;(17.69130834674638. 19.772936307197057. 23.730972637387904);(-224.43705248434696. -222.9401060598816. 88.26648551815157);135.6941649;31.31814384;326.9180603;0.783324258;0.716008426;33.62847759;46.96659477;57.23598256;55.70690442;45.66909787;60.66140865;37484.96111;36.790073;0.702071525;7715.086654;0.205818185;37668.83741;75.35115814;203.9200836;182311778.1;4.81122823;73.83979034;2.918992063;326.9180603;41.23583912;135.6941649;130.9783249;31.31814384;295.5999165;30.1341664;144.7763628;0.563215631;789546186.2;0.04032143;2547.288834;285.1979206;104212.6241;1555.791341;186.9723616;18.43128907;0.820158252;3.206758442;3.198492426;7.798134468;0.37330505;0.288442581;0.990415774;0.933899772;-0.187676862;0.902270245;0.284843971;15.59019559;0.003482369;8.687284489;0.825130869;0.010186397;31.18039118;5.712994278;51.35091266;309.4369368;0.039907954;52.3591629;311.2219306;1.416085015;412.367149;0.013726228;0.009248019;5.358666955;6290.818478;0.809882333;0.891398553;0.152212381;0.918880711;290.5046144;0.008410428;75.29127182;0.037551757;57.03401695;390.3650873;241.7476309;31547.24938;3.262592202;0.008569354;591.7241895;0.295124284;0.560188064;224.0857406;0.004860547;7.305902599;0.230512762;222.9280455;7.669417448;1282.656473;0.147465679;4.961768235;350.7157967;52.04522191;304.3684755;19.58197287;4376.559094;0.224993124;0.009391404;0.207247452;77.10070219;0.001808453;0.962362482;0.001677609;1501.692144;0.106942355;1.297234336
Patient12_mridian_ttt_4;Data/NFcorr/Patient12_mridian_ttt_4_NFc.nii;Data/Patient12/mask_dir/Patient12_mridian_ttt_4_ptv.nii;v3.0.1;1.21.5;2.1.1;1.3.0;3.7.0;{'minimumROIDimensions': 2. 'minimumROISize': None. 'normalize': False. 'normalizeScale': 1. 'removeOutliers': None. 'resampledPixelSpacing': [1.63. 1.63. 1.63]. 'interpolator': 'sitkBSpline'. 'preCrop': False. 'padDistance': 5. 'distances': [1]. 'force2D': False. 'force2Ddimension': 0. 'resegmentRange': [0]. 'label': 1. 'additionalInfo': True. 'binWidth': 7. 'weightingNorm': None};{'Original': {}};d72d493e77654e5a0b650a7c34b4a730c0ee4c17;3D;(1.6304397583007812. 1.6304397583007812. 3.000000238418579);(276. 276. 80);50.38493834;0;1462.689209;1b3b545e72a6a1539737ac35c3e93ffbb5dd0c4b;(1.6304397583007812. 1.6304397583007812. 3.000000238418579);(276. 276. 80);(123. 129. 25. 26. 27. 18);4788;2;(135.09878863826233. 142.29406850459483. 34.127610693400165);(-221.90087605239756. -233.63234641856718. 105.38284045527553);(1.63. 1.63. 1.63);(38. 39. 45);148.8862169;3.956486225;348.1129456;(1.63. 1.63. 1.63);(38. 39. 45);(6. 6. 6. 26. 27. 33);8714;2;(18.059329814092266. 19.24351618085839. 23.242368602249254);(-221.7769274761208. -233.48715125394955. 105.40006094087556);113.9073975;21.86563873;285.9537964;(1.63. 1.63. 1.63);(38. 39. 45);(6. 6. 6. 26. 27. 33);8714;2;(18.059329814092266. 19.24351618085839. 23.242368602249254);(-221.7769274761208. -233.48715125394955. 105.40006094087556);113.9073975;21.86563873;285.9537964;0.77225719;0.692087585;33.02136775;47.71270063;57.23598256;53.76529736;45.20128427;59.51174422;37561.11007;36.8464761;0.721233614;7520.275962;0.200214423;37738.12936;59.23957024;176.2949493;131703620.2;4.640619391;69.12951279;2.9971161;285.9537964;37.91744113;113.9073975;109.7812614;21.86563873;264.0881577;27.9570329;122.9391139;0.631138707;570375057.9;0.045773663;2139.130508;215.5902133;70622.57263;1208.968653;152.6927563;18.11939763;0.787503983;3.105922093;3.183385624;8.173663289;0.387735849;0.305887844;0.988113067;0.928670068;-0.173101453;0.88071313;0.294392389;13.48854149;0.004514842;8.431374735;0.797521248;0.018115822;26.97708299;5.523048792;42.7030385;342.3778835;0.04468183;43.91595486;241.1092847;1.471339295;322.081333;0.020607843;0.012992599;5.238885275;6069.201346;0.790589169;0.879327695;0.17264045;0.909546768;224.4660678;0.011595744;81.55886812;0.041212162;47.41434736;323.1354219;479.8039414;35455.76958;9.845819681;0.011809796;634.6675088;0.320701116;0.586146942;195.0450127;0.006993245;7.069542854;0.227105807;460.4154721;7.601723021;1140.845536;0.130920993;6.657941136;398.8717007;43.7094008;233.3546018;23.7766812;3658.740877;0.414371941;0.013338812;0.204464788;62.48120834;0.002422118;1.525390275;0.001523275;1077.060504;0.121547682;0.854391903
Patient12_mridian_ttt_5;Data/NFcorr/Patient12_mridian_ttt_5_NFc.nii;Data/Patient12/mask_dir/Patient12_mridian_ttt_5_ptv.nii;v3.0.1;1.21.5;2.1.1;1.3.0;3.7.0;{'minimumROIDimensions': 2. 'minimumROISize': None. 'normalize': False. 'normalizeScale': 1. 'removeOutliers': None. 'resampledPixelSpacing': [1.63. 1.63. 1.63]. 'interpolator': 'sitkBSpline'. 'preCrop': False. 'padDistance': 5. 'distances': [1]. 'force2D': False. 'force2Ddimension': 0. 'resegmentRange': [0]. 'label': 1. 'additionalInfo': True. 'binWidth': 7. 'weightingNorm': None};{'Original': {}};740bfb3a40ca79cb00c4e79aecdd381a5fac0715;3D;(1.6304397583007812. 1.6304397583007812. 3.000000238418579);(276. 276. 80);51.16730041;0;843.2956543;5eb03dc5f17abdc5bcfa23d0b96d8f94fa09fc82;(1.6304397583007812. 1.6304397583007812. 3.000000238418579);(276. 276. 80);(125. 126. 20. 25. 27. 18);4209;3;(136.79638869090044. 139.2744119743407. 29.904015205512);(-224.66871067191224. -228.70897835522825. 92.71205298462739);(1.63. 1.63. 1.63);(37. 39. 46);152.7149983;9.893732071;367.5396118;(1.63. 1.63. 1.63);(37. 39. 46);(6. 6. 7. 25. 27. 33);7703;3;(17.78385044787745. 19.26262495131767. 25.380630923017005);(-224.5878961091906. -228.6282985497982. 92.58542852372702);127.9200427;34.03824615;305.4062805;(1.63. 1.63. 1.63);(37. 39. 46);(6. 6. 7. 25. 27. 33);7703;3;(17.78385044787745. 19.26262495131767. 25.380630923017005);(-224.5878961091906. -228.6282985497982. 92.58542852372702);127.9200427;34.03824615;305.4062805;0.825076467;0.672698409;30.33966023;45.10143003;57.23598256;55.75457829;45.20128427;60.06721402;33192.46904;37.21212853;0.722867149;6909.585712;0.208167271;33359.74414;77.01046295;185.1932678;141057782.2;4.600331861;63.24108505;3.497803622;305.4062805;35.71189674;127.9200427;121.9134369;34.03824615;271.3680344;25.77638995;135.3220526;0.730364766;610885567.1;0.047422763;1948.520603;240.3485663;71782.14689;1329.578134;138.211325;18.93724404;0.758753462;3.217747612;3.215987668;8.272400961;0.375090073;0.29073617;0.988736274;0.929448262;-0.155410802;0.856321305;0.2855366;14.50949143;0.004227267;8.440074044;0.766865176;0.012455296;29.01898287;5.472944706;39.28714226;320.4449844;0.046756089;40.18558036;263.9810746;1.424948175;352.1365204;0.012923296;0.008670766;5.157685828;5544.171795;0.807441794;0.889703312;0.156205022;0.917683864;246.2443547;0.007860223;78.23360434;0.042403038;45.72151497;336.9371274;340.5360434;38629.7626;4.059141009;0.008028603;607.1073171;0.329055456;0.593670173;205.84166;0.005006812;6.982813259;0.239517071;323.1048526;7.499315329;1088.614696;0.141323471;5.315876988;365.2975464;39.76537787;258.0973647;20.27508763;3959.838245;0.213050971;0.008810897;0.216999827;69.84904275;0.001780165;1.107004933;0.001583977;1374.113067;0.098209948;1.109394119
moyenne;;;;;;;;;;;;;;;;;;;;;;;;;;;;;;;;;;;;;;;;;;;;;;;;;;0.777185853;0.674207391;32.37396619;48.09073566;56.98632192;55.4382513;45.19371077;59.5080405;37802.11614;37.26211485;0.718010212;7569.223326;0.201862704;37984.11579;68.35313118;183.3404684;147673090.3;4.636371628;67.13687096;3.115525025;297.9098572;37.48479227;121.3361803;114.8681114;25.60000858;272.3098486;27.39537656;129.7177937;0.67057316;639534792.7;0.04649653;2105.475619;239.7010406;74216.73738;1327.458935;150.7775343;17.63531327;0.788002653;3.088344401;3.163913736;7.777378623;0.385228667;0.302728836;0.989334382;0.931673596;-0.172149034;0.877770373;0.296305891;14.34493221;0.004535173;8.422604263;0.796564556;0.015305716;28.68986443;5.515032326;42.1032119;352.084385;0.045436307;43.4907315;265.1585339;1.45460497;354.9107559;0.015397235;0.010028596;5.22199056;6177.959573;0.79751875;0.883329486;0.16731998;0.912866098;246.97324;0.009029671;80.349734;0.04113333;47.81712814;346.9102498;529.6272335;53981.19662;7.215131535;0.009331266;628.7018323;0.321142008;0.586157696;207.5265403;0.005574849;7.06668929;0.224594112;509.5631218;7.567576887;1186.148107;0.135987729;5.908891987;408.8233325;43.03748981;257.8532057;22.21415797;4008.445588;0.278971928;0.010219125;0.205053876;67.18802487;0.001929097;1.259019287;0.001530299;1262.021569;0.102925844;1.033864769
Ecart type;;;;;;;;;;;;;;;;;;;;;;;;;;;;;;;;;;;;;;;;;;;;;;;;;;0.044400562;0.031461543;1.695424515;3.255270635;1.330617073;2.845780501;0.437645539;1.370937646;5051.249343;0.470258712;0.033779643;432.2554395;0.016341783;5034.699118;7.586125706;12.7696106;25574405.9;0.103022488;4.380937313;0.22630265;18.40919144;2.397397427;9.965864343;11.31445002;7.339023298;14.28520402;1.785780306;10.04322124;0.085497053;110756281.6;0.00382268;273.0143786;30.01444777;17812.55433;195.7274189;22.00845914;1.287627467;0.025361968;0.138345732;0.053278117;0.470499195;0.011713833;0.01396198;0.001097617;0.003235119;0.013089742;0.018043585;0.012414434;0.888754081;0.000799902;0.169124928;0.023452255;0.004038549;1.777508158;0.117300317;5.613266688;55.71463811;0.00336453;5.490139691;31.06375218;0.041010428;41.58496678;0.003264501;0.001974295;0.088188261;687.8592744;0.012241286;0.008235777;0.016598079;0.006002903;29.04593614;0.001744145;4.617407308;0.002209052;5.595656115;39.79780315;356.9853068;39676.41653;3.799253954;0.001999311;60.65471404;0.017545437;0.017126311;22.43180679;0.001279201;0.138651716;0.015169708;354.0901238;0.083178879;104.4587286;0.009529476;0.857237081;74.49603855;5.563087366;30.87984199;2.586543106;488.1016901;0.080819765;0.002050789;0.009674435;6.993066453;0.000426523;0.232573791;0.000164584;173.4567051;0.011687419;0.178881621
ecart type / moyenne;;;;;;;;;;;;;;;;;;;;;;;;;;;;;;;;;;;;;;;;;;;;;;;;;;0.057129916;0.046664488;0.052369997;0.067690182;0.023349762;0.051332436;0.009683771;0.023037856;0.133623454;0.01262029;0.047046188;0.057106974;0.080954942;0.132547488;0.110984319;0.069649711;0.173182574;0.022220498;0.06525382;0.072637083;0.061794503;0.063956535;0.082134317;0.098499487;0.286680502;0.052459373;0.065185463;0.077423621;0.127498472;0.173182574;0.082214306;0.129668744;0.125216176;0.24000724;0.147445178;0.145966435;0.073014153;0.032185131;0.044796083;0.016839308;0.060495858;0.030407479;0.046120417;0.00110945;0.003472374;-0.076037268;0.020556156;0.041897358;0.061955962;0.176377364;0.020079885;0.029441751;0.263858848;0.061955962;0.021269198;0.133321579;0.158242286;0.074049361;0.126237005;0.117151621;0.028193515;0.117170207;0.212018673;0.196866486;0.016887863;0.111340851;0.015349213;0.009323562;0.099199623;0.006575886;0.117607625;0.193157092;0.057466367;0.053704677;0.117022003;0.114720747;0.674031251;0.735004391;0.526567525;0.214259358;0.096476121;0.054634511;0.029217925;0.108091268;0.229459386;0.019620463;0.067542766;0.694889619;0.010991481;0.088065502;0.070076002;0.145075774;0.182220614;0.129261427;0.119757448;0.116436694;0.121768321;0.289705726;0.200681491;0.047179968;0.104082036;0.22110012;0.184726154;0.10755014;0.137443535;0.113551843;0.173022262
Coeff variation 1-5;;;;;;;;;;;;;;;;;;;;;;;;;;;;;;;;;;;;;;;;;;;;;;;;;;5.712991592;4.666448797;5.236999708;6.76901817;2.334976232;5.133243626;0.968377085;2.303785563;13.36234544;1.262029044;4.704618802;5.710697398;8.095494212;13.25474876;11.09843189;6.964971079;17.31825741;2.222049841;6.52538203;7.263708297;6.17945026;6.395653495;8.213431736;9.849948676;28.66805015;5.245937336;6.518546303;7.742362059;12.74984718;17.31825741;8.221430631;12.96687438;12.52161763;24.00072404;14.7445178;14.59664349;7.301415334;3.218513086;4.47960829;1.683930771;6.049585829;3.040747898;4.612041663;0.11094504;0.347237429;-7.603726805;2.055615647;4.189735831;6.195596244;17.63773641;2.007988538;2.944175076;26.38588482;6.195596227;2.126919844;13.33215789;15.82422865;7.404936144;12.6237005;11.71516214;2.819351533;11.71702071;21.20186726;19.68664857;1.688786287;11.13408507;1.534921348;0.932356216;9.919962285;0.657588589;11.76076248;19.31570918;5.746636706;5.370467718;11.7022003;11.47207474;67.40312512;73.50043906;52.6567525;21.42593582;9.647612098;5.463451131;2.921792452;10.80912675;22.94593858;1.962046303;6.754276596;69.48896194;1.099148123;8.806550209;7.007600175;14.50757745;18.22206137;12.92614274;11.97574485;11.64366936;12.17683213;28.97057256;20.06814915;4.717996848;10.40820364;22.110012;18.4726154;10.755014;13.74435346;11.35518427;17.30222622
